"interaction","name","selected","shared interaction","shared name","stringdb::coexpression","stringdb::cooccurrence","stringdb::databases","stringdb::experiments","stringdb::fusion","stringdb::interspecies","stringdb::neighborhood","stringdb::score","stringdb::textmining"
"pp","9606.ENSP00000215832 (pp) 9606.ENSP00000498321","false","pp","9606.ENSP00000215832 (pp) 9606.ENSP00000498321","0.063","0.0","0.0","0.074","0.0",,"0.0","0.421","0.385"
"pp","9606.ENSP00000215832 (pp) 9606.ENSP00000384906","false","pp","9606.ENSP00000215832 (pp) 9606.ENSP00000384906","0.0","0.0","0.5","0.0","0.0",,"0.0","0.509","0.06"
"pp","9606.ENSP00000215832 (pp) 9606.ENSP00000357726","false","pp","9606.ENSP00000215832 (pp) 9606.ENSP00000357726","0.068","0.0","0.5","0.072","0.0",,"0.0","0.545","0.072"
"pp","9606.ENSP00000215832 (pp) 9606.ENSP00000295897","false","pp","9606.ENSP00000215832 (pp) 9606.ENSP00000295897","0.0","0.0","0.0","0.0","0.0",,"0.0","0.563","0.563"
"pp","9606.ENSP00000215832 (pp) 9606.ENSP00000291700","false","pp","9606.ENSP00000215832 (pp) 9606.ENSP00000291700","0.0","0.0","0.5","0.0","0.0",,"0.0","0.569","0.175"
"pp","9606.ENSP00000215832 (pp) 9606.ENSP00000363089","false","pp","9606.ENSP00000215832 (pp) 9606.ENSP00000363089","0.122","0.0","0.0","0.041","0.0",,"0.0","0.606","0.57"
"pp","9606.ENSP00000215832 (pp) 9606.ENSP00000263341","false","pp","9606.ENSP00000215832 (pp) 9606.ENSP00000263341","0.052","0.0","0.0","0.0","0.0",,"0.0","0.653","0.649"
"pp","9606.ENSP00000215832 (pp) 9606.ENSP00000364210","false","pp","9606.ENSP00000215832 (pp) 9606.ENSP00000364210","0.055","0.0","0.5","0.0","0.0",,"0.0","0.666","0.35"
"pp","9606.ENSP00000215832 (pp) 9606.ENSP00000302961","false","pp","9606.ENSP00000215832 (pp) 9606.ENSP00000302961","0.126","0.0","0.0","0.1","0.0",,"0.0","0.685","0.631"
"pp","9606.ENSP00000215832 (pp) 9606.ENSP00000398698","false","pp","9606.ENSP00000215832 (pp) 9606.ENSP00000398698","0.083","0.0","0.0","0.0","0.0",,"0.0","0.757","0.746"
"pp","9606.ENSP00000215832 (pp) 9606.ENSP00000226574","false","pp","9606.ENSP00000215832 (pp) 9606.ENSP00000226574","0.06","0.0","0.0","0.072","0.0",,"0.0","0.79","0.778"
"pp","9606.ENSP00000215832 (pp) 9606.ENSP00000345347","false","pp","9606.ENSP00000215832 (pp) 9606.ENSP00000345347","0.093","0.0","0.5","0.258","0.0",,"0.0","0.792","0.456"
"pp","9606.ENSP00000215832 (pp) 9606.ENSP00000371067","false","pp","9606.ENSP00000215832 (pp) 9606.ENSP00000371067","0.112","0.0","0.5","0.11","0.0",,"0.0","0.794","0.54"
"pp","9606.ENSP00000215832 (pp) 9606.ENSP00000284981","false","pp","9606.ENSP00000215832 (pp) 9606.ENSP00000284981","0.082","0.0","0.5","0.073","0.0",,"0.0","0.827","0.643"
"pp","9606.ENSP00000215832 (pp) 9606.ENSP00000367851","false","pp","9606.ENSP00000215832 (pp) 9606.ENSP00000367851","0.067","0.0","0.9","0.058","0.0",,"0.0","0.926","0.26"
"pp","9606.ENSP00000215832 (pp) 9606.ENSP00000385675","false","pp","9606.ENSP00000215832 (pp) 9606.ENSP00000385675","0.055","0.0","0.4","0.0","0.0",,"0.0","0.936","0.897"
"pp","9606.ENSP00000215832 (pp) 9606.ENSP00000358548","false","pp","9606.ENSP00000215832 (pp) 9606.ENSP00000358548","0.109","0.0","0.9","0.098","0.0",,"0.0","0.959","0.551"
"pp","9606.ENSP00000215832 (pp) 9606.ENSP00000407586","false","pp","9606.ENSP00000215832 (pp) 9606.ENSP00000407586","0.056","0.0","0.9","0.098","0.0",,"0.0","0.979","0.783"
"pp","9606.ENSP00000215832 (pp) 9606.ENSP00000256078","false","pp","9606.ENSP00000215832 (pp) 9606.ENSP00000256078","0.088","0.0","0.9","0.495","0.0",,"0.0","0.988","0.771"
"pp","9606.ENSP00000215832 (pp) 9606.ENSP00000263025","false","pp","9606.ENSP00000215832 (pp) 9606.ENSP00000263025","0.118","0.049","0.9","0.874","0.0",,"0.0","0.994","0.581"
"pp","9606.ENSP00000216336 (pp) 9606.ENSP00000357726","false","pp","9606.ENSP00000216336 (pp) 9606.ENSP00000357726","0.121","0.0","0.0","0.094","0.0",,"0.0","0.407","0.316"
"pp","9606.ENSP00000216336 (pp) 9606.ENSP00000357727","false","pp","9606.ENSP00000216336 (pp) 9606.ENSP00000357727","0.12","0.0","0.0","0.094","0.0",,"0.0","0.415","0.326"
"pp","9606.ENSP00000216336 (pp) 9606.ENSP00000260010","false","pp","9606.ENSP00000216336 (pp) 9606.ENSP00000260010","0.084","0.0","0.0","0.0","0.0",,"0.0","0.418","0.391"
"pp","9606.ENSP00000216336 (pp) 9606.ENSP00000367851","false","pp","9606.ENSP00000216336 (pp) 9606.ENSP00000367851","0.122","0.0","0.0","0.042","0.0",,"0.0","0.43","0.377"
"pp","9606.ENSP00000216336 (pp) 9606.ENSP00000295897","false","pp","9606.ENSP00000216336 (pp) 9606.ENSP00000295897","0.059","0.0","0.0","0.084","0.0",,"0.0","0.442","0.405"
"pp","9606.ENSP00000216336 (pp) 9606.ENSP00000363089","false","pp","9606.ENSP00000216336 (pp) 9606.ENSP00000363089","0.087","0.0","0.0","0.0","0.0",,"0.0","0.476","0.449"
"pp","9606.ENSP00000216336 (pp) 9606.ENSP00000380948","false","pp","9606.ENSP00000216336 (pp) 9606.ENSP00000380948","0.162","0.0","0.0","0.0","0.0",,"0.0","0.492","0.419"
"pp","9606.ENSP00000216336 (pp) 9606.ENSP00000385675","false","pp","9606.ENSP00000216336 (pp) 9606.ENSP00000385675","0.042","0.0","0.0","0.0","0.0",,"0.0","0.507","0.507"
"pp","9606.ENSP00000216336 (pp) 9606.ENSP00000398698","false","pp","9606.ENSP00000216336 (pp) 9606.ENSP00000398698","0.07","0.0","0.0","0.066","0.0",,"0.0","0.546","0.519"
"pp","9606.ENSP00000216336 (pp) 9606.ENSP00000263341","false","pp","9606.ENSP00000216336 (pp) 9606.ENSP00000263341","0.093","0.0","0.0","0.0","0.0",,"0.0","0.602","0.58"
"pp","9606.ENSP00000216336 (pp) 9606.ENSP00000364210","false","pp","9606.ENSP00000216336 (pp) 9606.ENSP00000364210","0.061","0.0","0.0","0.0","0.0",,"0.0","0.637","0.63"
"pp","9606.ENSP00000216336 (pp) 9606.ENSP00000345347","false","pp","9606.ENSP00000216336 (pp) 9606.ENSP00000345347","0.043","0.0","0.0","0.045","0.0",,"0.0","0.637","0.635"
"pp","9606.ENSP00000226574 (pp) 9606.ENSP00000362057","false","pp","9606.ENSP00000226574 (pp) 9606.ENSP00000362057","0.098","0.0","0.0","0.045","0.0",,"0.0","0.445","0.408"
"pp","9606.ENSP00000226574 (pp) 9606.ENSP00000380948","false","pp","9606.ENSP00000226574 (pp) 9606.ENSP00000380948","0.151","0.0","0.0","0.0","0.0",,"0.0","0.448","0.376"
"pp","9606.ENSP00000226574 (pp) 9606.ENSP00000263317","false","pp","9606.ENSP00000226574 (pp) 9606.ENSP00000263317","0.055","0.0","0.0","0.045","0.0",,"0.0","0.494","0.485"
"pp","9606.ENSP00000226574 (pp) 9606.ENSP00000318585","false","pp","9606.ENSP00000226574 (pp) 9606.ENSP00000318585","0.055","0.0","0.0","0.229","0.0",,"0.0","0.497","0.365"
"pp","9606.ENSP00000226574 (pp) 9606.ENSP00000252486","false","pp","9606.ENSP00000226574 (pp) 9606.ENSP00000252486","0.051","0.0","0.0","0.057","0.0",,"0.0","0.554","0.542"
"pp","9606.ENSP00000226574 (pp) 9606.ENSP00000384906","false","pp","9606.ENSP00000226574 (pp) 9606.ENSP00000384906","0.042","0.0","0.4","0.0","0.0",,"0.0","0.56","0.297"
"pp","9606.ENSP00000226574 (pp) 9606.ENSP00000357726","false","pp","9606.ENSP00000226574 (pp) 9606.ENSP00000357726","0.076","0.0","0.4","0.045","0.0",,"0.0","0.567","0.278"
"pp","9606.ENSP00000226574 (pp) 9606.ENSP00000367851","false","pp","9606.ENSP00000226574 (pp) 9606.ENSP00000367851","0.122","0.0","0.0","0.045","0.0",,"0.0","0.568","0.526"
"pp","9606.ENSP00000226574 (pp) 9606.ENSP00000291700","false","pp","9606.ENSP00000226574 (pp) 9606.ENSP00000291700","0.0","0.0","0.4","0.0","0.0",,"0.0","0.575","0.321"
"pp","9606.ENSP00000226574 (pp) 9606.ENSP00000295897","false","pp","9606.ENSP00000226574 (pp) 9606.ENSP00000295897","0.0","0.0","0.0","0.0","0.0",,"0.0","0.621","0.621"
"pp","9606.ENSP00000226574 (pp) 9606.ENSP00000371067","false","pp","9606.ENSP00000226574 (pp) 9606.ENSP00000371067","0.128","0.0","0.0","0.095","0.0",,"0.0","0.657","0.601"
"pp","9606.ENSP00000226574 (pp) 9606.ENSP00000264896","false","pp","9606.ENSP00000226574 (pp) 9606.ENSP00000264896","0.07","0.0","0.0","0.1","0.0",,"0.0","0.681","0.649"
"pp","9606.ENSP00000226574 (pp) 9606.ENSP00000415743","false","pp","9606.ENSP00000226574 (pp) 9606.ENSP00000415743","0.104","0.0","0.0","0.1","0.0",,"0.0","0.693","0.649"
"pp","9606.ENSP00000226574 (pp) 9606.ENSP00000261693","false","pp","9606.ENSP00000226574 (pp) 9606.ENSP00000261693","0.073","0.0","0.0","0.1","0.0",,"0.0","0.697","0.666"
"pp","9606.ENSP00000226574 (pp) 9606.ENSP00000358548","false","pp","9606.ENSP00000226574 (pp) 9606.ENSP00000358548","0.053","0.0","0.5","0.102","0.0",,"0.0","0.713","0.405"
"pp","9606.ENSP00000226574 (pp) 9606.ENSP00000407586","false","pp","9606.ENSP00000226574 (pp) 9606.ENSP00000407586","0.046","0.0","0.5","0.102","0.0",,"0.0","0.725","0.435"
"pp","9606.ENSP00000226574 (pp) 9606.ENSP00000364210","false","pp","9606.ENSP00000226574 (pp) 9606.ENSP00000364210","0.0","0.0","0.4","0.05","0.0",,"0.0","0.776","0.64"
"pp","9606.ENSP00000226574 (pp) 9606.ENSP00000256078","false","pp","9606.ENSP00000226574 (pp) 9606.ENSP00000256078","0.053","0.0","0.5","0.102","0.0",,"0.0","0.805","0.596"
"pp","9606.ENSP00000226574 (pp) 9606.ENSP00000353874","false","pp","9606.ENSP00000226574 (pp) 9606.ENSP00000353874","0.0","0.0","0.0","0.093","0.0",,"0.0","0.828","0.819"
"pp","9606.ENSP00000226574 (pp) 9606.ENSP00000302961","false","pp","9606.ENSP00000226574 (pp) 9606.ENSP00000302961","0.125","0.0","0.0","0.335","0.0",,"0.0","0.857","0.773"
"pp","9606.ENSP00000226574 (pp) 9606.ENSP00000284981","false","pp","9606.ENSP00000226574 (pp) 9606.ENSP00000284981","0.042","0.0","0.4","0.071","0.0",,"0.0","0.87","0.785"
"pp","9606.ENSP00000226574 (pp) 9606.ENSP00000263025","false","pp","9606.ENSP00000226574 (pp) 9606.ENSP00000263025","0.059","0.0","0.0","0.072","0.0",,"0.0","0.881","0.874"
"pp","9606.ENSP00000226574 (pp) 9606.ENSP00000345347","false","pp","9606.ENSP00000226574 (pp) 9606.ENSP00000345347","0.111","0.0","0.4","0.294","0.0",,"0.0","0.923","0.82"
"pp","9606.ENSP00000226574 (pp) 9606.ENSP00000498321","false","pp","9606.ENSP00000226574 (pp) 9606.ENSP00000498321","0.125","0.0","0.5","0.078","0.0",,"0.0","0.972","0.938"
"pp","9606.ENSP00000226574 (pp) 9606.ENSP00000260010","false","pp","9606.ENSP00000226574 (pp) 9606.ENSP00000260010","0.167","0.0","0.9","0.093","0.0",,"0.0","0.992","0.91"
"pp","9606.ENSP00000226574 (pp) 9606.ENSP00000363089","false","pp","9606.ENSP00000226574 (pp) 9606.ENSP00000363089","0.116","0.0","0.9","0.093","0.0",,"0.0","0.993","0.932"
"pp","9606.ENSP00000226574 (pp) 9606.ENSP00000385675","false","pp","9606.ENSP00000226574 (pp) 9606.ENSP00000385675","0.176","0.0","0.9","0.0","0.0",,"0.0","0.994","0.942"
"pp","9606.ENSP00000226574 (pp) 9606.ENSP00000263341","false","pp","9606.ENSP00000226574 (pp) 9606.ENSP00000263341","0.2","0.0","0.9","0.0","0.0",,"0.0","0.996","0.959"
"pp","9606.ENSP00000226574 (pp) 9606.ENSP00000398698","false","pp","9606.ENSP00000226574 (pp) 9606.ENSP00000398698","0.194","0.0","0.9","0.0","0.0",,"0.0","0.999","0.995"
"pp","9606.ENSP00000237014 (pp) 9606.ENSP00000367668","false","pp","9606.ENSP00000237014 (pp) 9606.ENSP00000367668","0.0","0.0","0.0","0.0","0.0",,"0.0","0.4","0.401"
"pp","9606.ENSP00000237014 (pp) 9606.ENSP00000263341","false","pp","9606.ENSP00000237014 (pp) 9606.ENSP00000263341","0.0","0.0","0.0","0.0","0.0",,"0.0","0.418","0.418"
"pp","9606.ENSP00000237014 (pp) 9606.ENSP00000398698","false","pp","9606.ENSP00000237014 (pp) 9606.ENSP00000398698","0.0","0.0","0.0","0.0","0.0",,"0.0","0.48","0.48"
"pp","9606.ENSP00000237014 (pp) 9606.ENSP00000357709","false","pp","9606.ENSP00000237014 (pp) 9606.ENSP00000357709","0.0","0.0","0.0","0.059","0.0",,"0.0","0.49","0.48"
"pp","9606.ENSP00000237014 (pp) 9606.ENSP00000385675","false","pp","9606.ENSP00000237014 (pp) 9606.ENSP00000385675","0.0","0.0","0.0","0.0","0.0",,"0.0","0.571","0.571"
"pp","9606.ENSP00000237014 (pp) 9606.ENSP00000436126","false","pp","9606.ENSP00000237014 (pp) 9606.ENSP00000436126","0.0","0.0","0.0","0.0","0.0",,"0.0","0.698","0.698"
"pp","9606.ENSP00000237014 (pp) 9606.ENSP00000384906","false","pp","9606.ENSP00000237014 (pp) 9606.ENSP00000384906","0.0","0.0","0.4","0.0","0.0",,"0.0","0.834","0.736"
"pp","9606.ENSP00000237014 (pp) 9606.ENSP00000364210","false","pp","9606.ENSP00000237014 (pp) 9606.ENSP00000364210","0.0","0.0","0.0","0.37","0.0",,"0.0","0.884","0.824"
"pp","9606.ENSP00000237014 (pp) 9606.ENSP00000252486","false","pp","9606.ENSP00000237014 (pp) 9606.ENSP00000252486","0.092","0.0","0.5","0.0","0.0",,"0.0","0.952","0.903"
"pp","9606.ENSP00000237014 (pp) 9606.ENSP00000284981","false","pp","9606.ENSP00000237014 (pp) 9606.ENSP00000284981","0.0","0.0","0.4","0.712","0.0",,"0.0","0.982","0.907"
"pp","9606.ENSP00000237014 (pp) 9606.ENSP00000295897","false","pp","9606.ENSP00000237014 (pp) 9606.ENSP00000295897","0.432","0.0","0.0","0.125","0.0",,"0.0","0.994","0.99"
"pp","9606.ENSP00000243077 (pp) 9606.ENSP00000263317","false","pp","9606.ENSP00000243077 (pp) 9606.ENSP00000263317","0.0","0.0","0.0","0.0","0.0",,"0.0","0.435","0.435"
"pp","9606.ENSP00000243077 (pp) 9606.ENSP00000385675","false","pp","9606.ENSP00000243077 (pp) 9606.ENSP00000385675","0.0","0.0","0.0","0.0","0.0",,"0.0","0.446","0.446"
"pp","9606.ENSP00000243077 (pp) 9606.ENSP00000263341","false","pp","9606.ENSP00000243077 (pp) 9606.ENSP00000263341","0.0","0.0","0.0","0.0","0.0",,"0.0","0.476","0.476"
"pp","9606.ENSP00000243077 (pp) 9606.ENSP00000398698","false","pp","9606.ENSP00000243077 (pp) 9606.ENSP00000398698","0.0","0.0","0.0","0.095","0.0",,"0.0","0.477","0.446"
"pp","9606.ENSP00000243077 (pp) 9606.ENSP00000260010","false","pp","9606.ENSP00000243077 (pp) 9606.ENSP00000260010","0.043","0.0","0.0","0.042","0.0",,"0.0","0.697","0.697"
"pp","9606.ENSP00000243077 (pp) 9606.ENSP00000367668","false","pp","9606.ENSP00000243077 (pp) 9606.ENSP00000367668","0.072","0.0","0.0","0.0","0.0",,"0.0","0.713","0.703"
"pp","9606.ENSP00000243077 (pp) 9606.ENSP00000295897","false","pp","9606.ENSP00000243077 (pp) 9606.ENSP00000295897","0.0","0.0","0.5","0.0","0.0",,"0.0","0.714","0.453"
"pp","9606.ENSP00000243077 (pp) 9606.ENSP00000264896","false","pp","9606.ENSP00000243077 (pp) 9606.ENSP00000264896","0.08","0.0","0.0","0.0","0.0",,"0.0","0.735","0.723"
"pp","9606.ENSP00000243077 (pp) 9606.ENSP00000415743","false","pp","9606.ENSP00000243077 (pp) 9606.ENSP00000415743","0.109","0.0","0.0","0.0","0.0",,"0.0","0.742","0.722"
"pp","9606.ENSP00000243077 (pp) 9606.ENSP00000261693","false","pp","9606.ENSP00000243077 (pp) 9606.ENSP00000261693","0.068","0.0","0.0","0.0","0.0",,"0.0","0.745","0.738"
"pp","9606.ENSP00000243077 (pp) 9606.ENSP00000363089","false","pp","9606.ENSP00000243077 (pp) 9606.ENSP00000363089","0.076","0.0","0.0","0.042","0.0",,"0.0","0.774","0.765"
"pp","9606.ENSP00000243077 (pp) 9606.ENSP00000318585","false","pp","9606.ENSP00000243077 (pp) 9606.ENSP00000318585","0.128","0.0","0.0","0.0","0.0",,"0.0","0.774","0.751"
"pp","9606.ENSP00000243077 (pp) 9606.ENSP00000364210","false","pp","9606.ENSP00000243077 (pp) 9606.ENSP00000364210","0.048","0.0","0.0","0.0","0.0",,"0.0","0.795","0.794"
"pp","9606.ENSP00000243077 (pp) 9606.ENSP00000345347","false","pp","9606.ENSP00000243077 (pp) 9606.ENSP00000345347","0.0","0.0","0.0","0.0","0.0",,"0.0","0.798","0.798"
"pp","9606.ENSP00000243077 (pp) 9606.ENSP00000361366","false","pp","9606.ENSP00000243077 (pp) 9606.ENSP00000361366","0.043","0.0","0.0","0.0","0.0",,"0.0","0.89","0.89"
"pp","9606.ENSP00000243077 (pp) 9606.ENSP00000284981","false","pp","9606.ENSP00000243077 (pp) 9606.ENSP00000284981","0.113","0.0","0.0","0.552","0.0",,"0.0","0.983","0.962"
"pp","9606.ENSP00000243077 (pp) 9606.ENSP00000302961","false","pp","9606.ENSP00000243077 (pp) 9606.ENSP00000302961","0.0","0.0","0.0","0.0","0.0",,"0.0","0.991","0.991"
"pp","9606.ENSP00000243077 (pp) 9606.ENSP00000252486","false","pp","9606.ENSP00000243077 (pp) 9606.ENSP00000252486","0.086","0.0","0.9","0.722","0.0",,"0.0","0.999","0.997"
"pp","9606.ENSP00000252486 (pp) 9606.ENSP00000357709","false","pp","9606.ENSP00000252486 (pp) 9606.ENSP00000357709","0.0","0.0","0.0","0.052","0.0",,"0.0","0.501","0.496"
"pp","9606.ENSP00000252486 (pp) 9606.ENSP00000362057","false","pp","9606.ENSP00000252486 (pp) 9606.ENSP00000362057","0.0","0.0","0.0","0.0","0.0",,"0.0","0.501","0.501"
"pp","9606.ENSP00000252486 (pp) 9606.ENSP00000263025","false","pp","9606.ENSP00000252486 (pp) 9606.ENSP00000263025","0.0","0.0","0.0","0.0","0.0",,"0.0","0.506","0.506"
"pp","9606.ENSP00000252486 (pp) 9606.ENSP00000291700","false","pp","9606.ENSP00000252486 (pp) 9606.ENSP00000291700","0.08","0.0","0.0","0.0","0.0",,"0.0","0.527","0.507"
"pp","9606.ENSP00000252486 (pp) 9606.ENSP00000260010","false","pp","9606.ENSP00000252486 (pp) 9606.ENSP00000260010","0.044","0.0","0.0","0.0","0.0",,"0.0","0.543","0.542"
"pp","9606.ENSP00000252486 (pp) 9606.ENSP00000263317","false","pp","9606.ENSP00000252486 (pp) 9606.ENSP00000263317","0.044","0.0","0.0","0.0","0.0",,"0.0","0.562","0.56"
"pp","9606.ENSP00000252486 (pp) 9606.ENSP00000367851","false","pp","9606.ENSP00000252486 (pp) 9606.ENSP00000367851","0.056","0.0","0.0","0.0","0.0",,"0.0","0.594","0.588"
"pp","9606.ENSP00000252486 (pp) 9606.ENSP00000367668","false","pp","9606.ENSP00000252486 (pp) 9606.ENSP00000367668","0.0","0.0","0.0","0.0","0.0",,"0.0","0.621","0.621"
"pp","9606.ENSP00000252486 (pp) 9606.ENSP00000498321","false","pp","9606.ENSP00000252486 (pp) 9606.ENSP00000498321","0.055","0.0","0.0","0.0","0.0",,"0.0","0.643","0.638"
"pp","9606.ENSP00000252486 (pp) 9606.ENSP00000364210","false","pp","9606.ENSP00000252486 (pp) 9606.ENSP00000364210","0.0","0.0","0.0","0.0","0.0",,"0.0","0.675","0.675"
"pp","9606.ENSP00000252486 (pp) 9606.ENSP00000436126","false","pp","9606.ENSP00000252486 (pp) 9606.ENSP00000436126","0.047","0.0","0.54","0.0","0.0",,"0.0","0.75","0.477"
"pp","9606.ENSP00000252486 (pp) 9606.ENSP00000384906","false","pp","9606.ENSP00000252486 (pp) 9606.ENSP00000384906","0.0","0.0","0.54","0.0","0.0",,"0.0","0.763","0.506"
"pp","9606.ENSP00000252486 (pp) 9606.ENSP00000363089","false","pp","9606.ENSP00000252486 (pp) 9606.ENSP00000363089","0.044","0.0","0.0","0.0","0.0",,"0.0","0.777","0.776"
"pp","9606.ENSP00000252486 (pp) 9606.ENSP00000318585","false","pp","9606.ENSP00000252486 (pp) 9606.ENSP00000318585","0.074","0.0","0.0","0.0","0.0",,"0.0","0.785","0.777"
"pp","9606.ENSP00000252486 (pp) 9606.ENSP00000415743","false","pp","9606.ENSP00000252486 (pp) 9606.ENSP00000415743","0.081","0.0","0.0","0.0","0.0",,"0.0","0.795","0.786"
"pp","9606.ENSP00000252486 (pp) 9606.ENSP00000264896","false","pp","9606.ENSP00000252486 (pp) 9606.ENSP00000264896","0.102","0.0","0.0","0.0","0.0",,"0.0","0.797","0.784"
"pp","9606.ENSP00000252486 (pp) 9606.ENSP00000398698","false","pp","9606.ENSP00000252486 (pp) 9606.ENSP00000398698","0.0","0.0","0.0","0.0","0.0",,"0.0","0.806","0.806"
"pp","9606.ENSP00000252486 (pp) 9606.ENSP00000385675","false","pp","9606.ENSP00000252486 (pp) 9606.ENSP00000385675","0.0","0.0","0.0","0.0","0.0",,"0.0","0.835","0.835"
"pp","9606.ENSP00000252486 (pp) 9606.ENSP00000263341","false","pp","9606.ENSP00000252486 (pp) 9606.ENSP00000263341","0.087","0.0","0.0","0.0","0.0",,"0.0","0.846","0.839"
"pp","9606.ENSP00000252486 (pp) 9606.ENSP00000295897","false","pp","9606.ENSP00000252486 (pp) 9606.ENSP00000295897","0.129","0.0","0.0","0.071","0.0",,"0.0","0.953","0.947"
"pp","9606.ENSP00000252486 (pp) 9606.ENSP00000261693","false","pp","9606.ENSP00000252486 (pp) 9606.ENSP00000261693","0.107","0.0","0.0","0.115","0.0",,"0.0","0.968","0.963"
"pp","9606.ENSP00000252486 (pp) 9606.ENSP00000284981","false","pp","9606.ENSP00000252486 (pp) 9606.ENSP00000284981","0.068","0.0","0.72","0.837","0.0",,"0.0","0.999","0.999"
"pp","9606.ENSP00000256078 (pp) 9606.ENSP00000362057","false","pp","9606.ENSP00000256078 (pp) 9606.ENSP00000362057","0.055","0.0","0.0","0.187","0.0",,"0.0","0.409","0.292"
"pp","9606.ENSP00000256078 (pp) 9606.ENSP00000363089","false","pp","9606.ENSP00000256078 (pp) 9606.ENSP00000363089","0.059","0.0","0.0","0.1","0.0",,"0.0","0.419","0.369"
"pp","9606.ENSP00000256078 (pp) 9606.ENSP00000316152","false","pp","9606.ENSP00000256078 (pp) 9606.ENSP00000316152","0.0","0.0","0.0","0.0","0.0",,"0.0","0.438","0.438"
"pp","9606.ENSP00000256078 (pp) 9606.ENSP00000278282","false","pp","9606.ENSP00000256078 (pp) 9606.ENSP00000278282","0.0","0.0","0.0","0.0","0.0",,"0.0","0.446","0.446"
"pp","9606.ENSP00000256078 (pp) 9606.ENSP00000263341","false","pp","9606.ENSP00000256078 (pp) 9606.ENSP00000263341","0.067","0.0","0.0","0.0","0.0",,"0.0","0.485","0.471"
"pp","9606.ENSP00000256078 (pp) 9606.ENSP00000295897","false","pp","9606.ENSP00000256078 (pp) 9606.ENSP00000295897","0.0","0.0","0.0","0.0","0.0",,"0.0","0.559","0.559"
"pp","9606.ENSP00000256078 (pp) 9606.ENSP00000302961","false","pp","9606.ENSP00000256078 (pp) 9606.ENSP00000302961","0.059","0.0","0.0","0.089","0.0",,"0.0","0.597","0.567"
"pp","9606.ENSP00000256078 (pp) 9606.ENSP00000398698","false","pp","9606.ENSP00000256078 (pp) 9606.ENSP00000398698","0.067","0.0","0.0","0.0","0.0",,"0.0","0.717","0.71"
"pp","9606.ENSP00000256078 (pp) 9606.ENSP00000385675","false","pp","9606.ENSP00000256078 (pp) 9606.ENSP00000385675","0.059","0.0","0.0","0.0","0.0",,"0.0","0.823","0.82"
"pp","9606.ENSP00000256078 (pp) 9606.ENSP00000371067","false","pp","9606.ENSP00000256078 (pp) 9606.ENSP00000371067","0.079","0.0","0.5","0.11","0.0",,"0.0","0.85","0.677"
"pp","9606.ENSP00000256078 (pp) 9606.ENSP00000358548","false","pp","9606.ENSP00000256078 (pp) 9606.ENSP00000358548","0.095","0.05","0.9","0.422","0.0",,"0.0","0.944","0.059"
"pp","9606.ENSP00000256078 (pp) 9606.ENSP00000364210","false","pp","9606.ENSP00000256078 (pp) 9606.ENSP00000364210","0.057","0.0","0.9","0.311","0.0",,"0.0","0.944","0.25"
"pp","9606.ENSP00000256078 (pp) 9606.ENSP00000263025","false","pp","9606.ENSP00000256078 (pp) 9606.ENSP00000263025","0.056","0.0","0.9","0.098","0.0",,"0.0","0.982","0.816"
"pp","9606.ENSP00000256078 (pp) 9606.ENSP00000407586","false","pp","9606.ENSP00000256078 (pp) 9606.ENSP00000407586","0.0","0.05","0.9","0.883","0.0",,"0.0","0.992","0.411"
"pp","9606.ENSP00000260010 (pp) 9606.ENSP00000371067","false","pp","9606.ENSP00000260010 (pp) 9606.ENSP00000371067","0.157","0.0","0.0","0.1","0.0",,"0.0","0.533","0.434"
"pp","9606.ENSP00000260010 (pp) 9606.ENSP00000357726","false","pp","9606.ENSP00000260010 (pp) 9606.ENSP00000357726","0.3","0.0","0.0","0.093","0.0",,"0.0","0.566","0.371"
"pp","9606.ENSP00000260010 (pp) 9606.ENSP00000284981","false","pp","9606.ENSP00000260010 (pp) 9606.ENSP00000284981","0.0","0.0","0.0","0.0","0.0",,"0.0","0.578","0.578"
"pp","9606.ENSP00000260010 (pp) 9606.ENSP00000397082","false","pp","9606.ENSP00000260010 (pp) 9606.ENSP00000397082","0.075","0.0","0.0","0.045","0.0",,"0.0","0.591","0.575"
"pp","9606.ENSP00000260010 (pp) 9606.ENSP00000361366","false","pp","9606.ENSP00000260010 (pp) 9606.ENSP00000361366","0.063","0.0","0.0","0.045","0.0",,"0.0","0.599","0.588"
"pp","9606.ENSP00000260010 (pp) 9606.ENSP00000263025","false","pp","9606.ENSP00000260010 (pp) 9606.ENSP00000263025","0.088","0.0","0.0","0.041","0.0",,"0.0","0.607","0.587"
"pp","9606.ENSP00000260010 (pp) 9606.ENSP00000436126","false","pp","9606.ENSP00000260010 (pp) 9606.ENSP00000436126","0.062","0.0","0.0","0.0","0.0",,"0.0","0.615","0.607"
"pp","9606.ENSP00000260010 (pp) 9606.ENSP00000384906","false","pp","9606.ENSP00000260010 (pp) 9606.ENSP00000384906","0.07","0.0","0.0","0.0","0.0",,"0.0","0.63","0.619"
"pp","9606.ENSP00000260010 (pp) 9606.ENSP00000295897","false","pp","9606.ENSP00000260010 (pp) 9606.ENSP00000295897","0.0","0.0","0.0","0.0","0.0",,"0.0","0.733","0.733"
"pp","9606.ENSP00000260010 (pp) 9606.ENSP00000292169","false","pp","9606.ENSP00000260010 (pp) 9606.ENSP00000292169","0.0","0.0","0.5","0.093","0.0",,"0.0","0.755","0.504"
"pp","9606.ENSP00000260010 (pp) 9606.ENSP00000367851","false","pp","9606.ENSP00000260010 (pp) 9606.ENSP00000367851","0.24","0.0","0.0","0.045","0.0",,"0.0","0.786","0.729"
"pp","9606.ENSP00000260010 (pp) 9606.ENSP00000380948","false","pp","9606.ENSP00000260010 (pp) 9606.ENSP00000380948","0.331","0.0","0.0","0.057","0.0",,"0.0","0.791","0.696"
"pp","9606.ENSP00000260010 (pp) 9606.ENSP00000364210","false","pp","9606.ENSP00000260010 (pp) 9606.ENSP00000364210","0.105","0.0","0.0","0.0","0.0",,"0.0","0.814","0.801"
"pp","9606.ENSP00000260010 (pp) 9606.ENSP00000357721","false","pp","9606.ENSP00000260010 (pp) 9606.ENSP00000357721","0.345","0.0","0.5","0.093","0.0",,"0.0","0.858","0.579"
"pp","9606.ENSP00000260010 (pp) 9606.ENSP00000357727","false","pp","9606.ENSP00000260010 (pp) 9606.ENSP00000357727","0.371","0.0","0.5","0.093","0.0",,"0.0","0.861","0.571"
"pp","9606.ENSP00000260010 (pp) 9606.ENSP00000385675","false","pp","9606.ENSP00000260010 (pp) 9606.ENSP00000385675","0.099","0.0","0.0","0.0","0.0",,"0.0","0.942","0.938"
"pp","9606.ENSP00000260010 (pp) 9606.ENSP00000398698","false","pp","9606.ENSP00000260010 (pp) 9606.ENSP00000398698","0.184","0.0","0.0","0.0","0.0",,"0.0","0.951","0.943"
"pp","9606.ENSP00000260010 (pp) 9606.ENSP00000353874","false","pp","9606.ENSP00000260010 (pp) 9606.ENSP00000353874","0.072","0.0","0.9","0.0","0.0",,"0.0","0.961","0.621"
"pp","9606.ENSP00000260010 (pp) 9606.ENSP00000263341","false","pp","9606.ENSP00000260010 (pp) 9606.ENSP00000263341","0.259","0.0","0.0","0.0","0.0",,"0.0","0.969","0.96"
"pp","9606.ENSP00000260010 (pp) 9606.ENSP00000302961","false","pp","9606.ENSP00000260010 (pp) 9606.ENSP00000302961","0.0","0.0","0.0","0.102","0.0",,"0.0","0.992","0.992"
"pp","9606.ENSP00000260010 (pp) 9606.ENSP00000264896","false","pp","9606.ENSP00000260010 (pp) 9606.ENSP00000264896","0.06","0.0","0.0","0.0","0.0",,"0.0","0.996","0.996"
"pp","9606.ENSP00000260010 (pp) 9606.ENSP00000261693","false","pp","9606.ENSP00000260010 (pp) 9606.ENSP00000261693","0.06","0.0","0.0","0.0","0.0",,"0.0","0.996","0.996"
"pp","9606.ENSP00000260010 (pp) 9606.ENSP00000345347","false","pp","9606.ENSP00000260010 (pp) 9606.ENSP00000345347","0.051","0.0","0.5","0.297","0.0",,"0.0","0.998","0.996"
"pp","9606.ENSP00000260010 (pp) 9606.ENSP00000415743","false","pp","9606.ENSP00000260010 (pp) 9606.ENSP00000415743","0.2","0.0","0.5","0.0","0.0",,"0.0","0.998","0.996"
"pp","9606.ENSP00000260010 (pp) 9606.ENSP00000498321","false","pp","9606.ENSP00000260010 (pp) 9606.ENSP00000498321","0.184","0.0","0.9","0.746","0.0",,"0.0","0.999","0.99"
"pp","9606.ENSP00000260010 (pp) 9606.ENSP00000363089","false","pp","9606.ENSP00000260010 (pp) 9606.ENSP00000363089","0.369","0.0","0.9","0.0","0.0",,"0.0","0.999","0.989"
"pp","9606.ENSP00000261693 (pp) 9606.ENSP00000407586","false","pp","9606.ENSP00000261693 (pp) 9606.ENSP00000407586","0.049","0.0","0.0","0.219","0.0",,"0.0","0.401","0.257"
"pp","9606.ENSP00000261693 (pp) 9606.ENSP00000353874","false","pp","9606.ENSP00000261693 (pp) 9606.ENSP00000353874","0.05","0.0","0.0","0.0","0.0",,"0.0","0.478","0.474"
"pp","9606.ENSP00000261693 (pp) 9606.ENSP00000263025","false","pp","9606.ENSP00000261693 (pp) 9606.ENSP00000263025","0.052","0.0","0.0","0.0","0.0",,"0.0","0.487","0.48"
"pp","9606.ENSP00000261693 (pp) 9606.ENSP00000367851","false","pp","9606.ENSP00000261693 (pp) 9606.ENSP00000367851","0.061","0.0","0.0","0.0","0.0",,"0.0","0.49","0.479"
"pp","9606.ENSP00000261693 (pp) 9606.ENSP00000357727","false","pp","9606.ENSP00000261693 (pp) 9606.ENSP00000357727","0.061","0.0","0.0","0.112","0.0",,"0.0","0.566","0.522"
"pp","9606.ENSP00000261693 (pp) 9606.ENSP00000302961","false","pp","9606.ENSP00000261693 (pp) 9606.ENSP00000302961","0.057","0.0","0.0","0.071","0.0",,"0.0","0.57","0.549"
"pp","9606.ENSP00000261693 (pp) 9606.ENSP00000436126","false","pp","9606.ENSP00000261693 (pp) 9606.ENSP00000436126","0.0","0.0","0.0","0.0","0.0",,"0.0","0.583","0.583"
"pp","9606.ENSP00000261693 (pp) 9606.ENSP00000345347","false","pp","9606.ENSP00000261693 (pp) 9606.ENSP00000345347","0.054","0.0","0.0","0.0","0.0",,"0.0","0.613","0.608"
"pp","9606.ENSP00000261693 (pp) 9606.ENSP00000357726","false","pp","9606.ENSP00000261693 (pp) 9606.ENSP00000357726","0.061","0.0","0.0","0.112","0.0",,"0.0","0.625","0.586"
"pp","9606.ENSP00000261693 (pp) 9606.ENSP00000498321","false","pp","9606.ENSP00000261693 (pp) 9606.ENSP00000498321","0.097","0.0","0.0","0.0","0.0",,"0.0","0.633","0.611"
"pp","9606.ENSP00000261693 (pp) 9606.ENSP00000284981","false","pp","9606.ENSP00000261693 (pp) 9606.ENSP00000284981","0.06","0.0","0.0","0.077","0.0",,"0.0","0.641","0.62"
"pp","9606.ENSP00000261693 (pp) 9606.ENSP00000398698","false","pp","9606.ENSP00000261693 (pp) 9606.ENSP00000398698","0.074","0.0","0.0","0.0","0.0",,"0.0","0.708","0.697"
"pp","9606.ENSP00000261693 (pp) 9606.ENSP00000385675","false","pp","9606.ENSP00000261693 (pp) 9606.ENSP00000385675","0.075","0.0","0.0","0.0","0.0",,"0.0","0.71","0.7"
"pp","9606.ENSP00000261693 (pp) 9606.ENSP00000263341","false","pp","9606.ENSP00000261693 (pp) 9606.ENSP00000263341","0.06","0.0","0.0","0.0","0.0",,"0.0","0.714","0.708"
"pp","9606.ENSP00000261693 (pp) 9606.ENSP00000364210","false","pp","9606.ENSP00000261693 (pp) 9606.ENSP00000364210","0.067","0.0","0.0","0.0","0.0",,"0.0","0.741","0.734"
"pp","9606.ENSP00000261693 (pp) 9606.ENSP00000380948","false","pp","9606.ENSP00000261693 (pp) 9606.ENSP00000380948","0.063","0.0","0.0","0.0","0.0",,"0.0","0.785","0.779"
"pp","9606.ENSP00000261693 (pp) 9606.ENSP00000384906","false","pp","9606.ENSP00000261693 (pp) 9606.ENSP00000384906","0.0","0.0","0.7","0.0","0.0",,"0.0","0.876","0.605"
"pp","9606.ENSP00000261693 (pp) 9606.ENSP00000295897","false","pp","9606.ENSP00000261693 (pp) 9606.ENSP00000295897","0.086","0.0","0.0","0.0","0.0",,"0.0","0.899","0.894"
"pp","9606.ENSP00000261693 (pp) 9606.ENSP00000363089","false","pp","9606.ENSP00000261693 (pp) 9606.ENSP00000363089","0.096","0.0","0.0","0.0","0.0",,"0.0","0.996","0.996"
"pp","9606.ENSP00000263025 (pp) 9606.ENSP00000318585","false","pp","9606.ENSP00000263025 (pp) 9606.ENSP00000318585","0.049","0.0","0.0","0.067","0.0",,"0.0","0.406","0.384"
"pp","9606.ENSP00000263025 (pp) 9606.ENSP00000357704","false","pp","9606.ENSP00000263025 (pp) 9606.ENSP00000357704","0.074","0.0","0.0","0.072","0.0",,"0.0","0.423","0.382"
"pp","9606.ENSP00000263025 (pp) 9606.ENSP00000353874","false","pp","9606.ENSP00000263025 (pp) 9606.ENSP00000353874","0.044","0.0","0.0","0.041","0.0",,"0.0","0.424","0.422"
"pp","9606.ENSP00000263025 (pp) 9606.ENSP00000264896","false","pp","9606.ENSP00000263025 (pp) 9606.ENSP00000264896","0.05","0.0","0.0","0.0","0.0",,"0.0","0.451","0.445"
"pp","9606.ENSP00000263025 (pp) 9606.ENSP00000415743","false","pp","9606.ENSP00000263025 (pp) 9606.ENSP00000415743","0.045","0.0","0.0","0.0","0.0",,"0.0","0.456","0.454"
"pp","9606.ENSP00000263025 (pp) 9606.ENSP00000362057","false","pp","9606.ENSP00000263025 (pp) 9606.ENSP00000362057","0.063","0.0","0.0","0.058","0.0",,"0.0","0.52","0.5"
"pp","9606.ENSP00000263025 (pp) 9606.ENSP00000384906","false","pp","9606.ENSP00000263025 (pp) 9606.ENSP00000384906","0.0","0.0","0.5","0.0","0.0",,"0.0","0.555","0.148"
"pp","9606.ENSP00000263025 (pp) 9606.ENSP00000263317","false","pp","9606.ENSP00000263025 (pp) 9606.ENSP00000263317","0.055","0.0","0.0","0.058","0.0",,"0.0","0.577","0.563"
"pp","9606.ENSP00000263025 (pp) 9606.ENSP00000357726","false","pp","9606.ENSP00000263025 (pp) 9606.ENSP00000357726","0.063","0.0","0.5","0.072","0.0",,"0.0","0.604","0.197"
"pp","9606.ENSP00000263025 (pp) 9606.ENSP00000302961","false","pp","9606.ENSP00000263025 (pp) 9606.ENSP00000302961","0.114","0.0","0.0","0.1","0.0",,"0.0","0.612","0.553"
"pp","9606.ENSP00000263025 (pp) 9606.ENSP00000291700","false","pp","9606.ENSP00000263025 (pp) 9606.ENSP00000291700","0.0","0.0","0.5","0.0","0.0",,"0.0","0.676","0.38"
"pp","9606.ENSP00000263025 (pp) 9606.ENSP00000295897","false","pp","9606.ENSP00000263025 (pp) 9606.ENSP00000295897","0.0","0.0","0.0","0.0","0.0",,"0.0","0.697","0.697"
"pp","9606.ENSP00000263025 (pp) 9606.ENSP00000364210","false","pp","9606.ENSP00000263025 (pp) 9606.ENSP00000364210","0.06","0.0","0.5","0.0","0.0",,"0.0","0.711","0.435"
"pp","9606.ENSP00000263025 (pp) 9606.ENSP00000498321","false","pp","9606.ENSP00000263025 (pp) 9606.ENSP00000498321","0.066","0.0","0.0","0.074","0.0",,"0.0","0.734","0.717"
"pp","9606.ENSP00000263025 (pp) 9606.ENSP00000345347","false","pp","9606.ENSP00000263025 (pp) 9606.ENSP00000345347","0.067","0.0","0.5","0.068","0.0",,"0.0","0.739","0.471"
"pp","9606.ENSP00000263025 (pp) 9606.ENSP00000284981","false","pp","9606.ENSP00000263025 (pp) 9606.ENSP00000284981","0.082","0.0","0.5","0.0","0.0",,"0.0","0.753","0.505"
"pp","9606.ENSP00000263025 (pp) 9606.ENSP00000371067","false","pp","9606.ENSP00000263025 (pp) 9606.ENSP00000371067","0.086","0.0","0.5","0.11","0.0",,"0.0","0.783","0.531"
"pp","9606.ENSP00000263025 (pp) 9606.ENSP00000363089","false","pp","9606.ENSP00000263025 (pp) 9606.ENSP00000363089","0.088","0.0","0.0","0.041","0.0",,"0.0","0.824","0.815"
"pp","9606.ENSP00000263025 (pp) 9606.ENSP00000263341","false","pp","9606.ENSP00000263025 (pp) 9606.ENSP00000263341","0.052","0.0","0.0","0.0","0.0",,"0.0","0.86","0.859"
"pp","9606.ENSP00000263025 (pp) 9606.ENSP00000385675","false","pp","9606.ENSP00000263025 (pp) 9606.ENSP00000385675","0.055","0.0","0.4","0.0","0.0",,"0.0","0.905","0.846"
"pp","9606.ENSP00000263025 (pp) 9606.ENSP00000398698","false","pp","9606.ENSP00000263025 (pp) 9606.ENSP00000398698","0.062","0.0","0.0","0.0","0.0",,"0.0","0.922","0.921"
"pp","9606.ENSP00000263025 (pp) 9606.ENSP00000367851","false","pp","9606.ENSP00000263025 (pp) 9606.ENSP00000367851","0.082","0.0","0.9","0.058","0.0",,"0.0","0.955","0.549"
"pp","9606.ENSP00000263025 (pp) 9606.ENSP00000358548","false","pp","9606.ENSP00000263025 (pp) 9606.ENSP00000358548","0.063","0.0","0.9","0.275","0.0",,"0.0","0.97","0.62"
"pp","9606.ENSP00000263025 (pp) 9606.ENSP00000407586","false","pp","9606.ENSP00000263025 (pp) 9606.ENSP00000407586","0.061","0.0","0.9","0.098","0.0",,"0.0","0.983","0.829"
"pp","9606.ENSP00000263317 (pp) 9606.ENSP00000498321","false","pp","9606.ENSP00000263317 (pp) 9606.ENSP00000498321","0.06","0.0","0.0","0.095","0.0",,"0.0","0.414","0.366"
"pp","9606.ENSP00000263317 (pp) 9606.ENSP00000295897","false","pp","9606.ENSP00000263317 (pp) 9606.ENSP00000295897","0.042","0.0","0.0","0.0","0.0",,"0.0","0.551","0.551"
"pp","9606.ENSP00000263317 (pp) 9606.ENSP00000398698","false","pp","9606.ENSP00000263317 (pp) 9606.ENSP00000398698","0.068","0.0","0.0","0.0","0.0",,"0.0","0.609","0.598"
"pp","9606.ENSP00000263317 (pp) 9606.ENSP00000385675","false","pp","9606.ENSP00000263317 (pp) 9606.ENSP00000385675","0.065","0.0","0.0","0.0","0.0",,"0.0","0.635","0.625"
"pp","9606.ENSP00000263317 (pp) 9606.ENSP00000263341","false","pp","9606.ENSP00000263317 (pp) 9606.ENSP00000263341","0.081","0.0","0.0","0.0","0.0",,"0.0","0.637","0.621"
"pp","9606.ENSP00000263317 (pp) 9606.ENSP00000364210","false","pp","9606.ENSP00000263317 (pp) 9606.ENSP00000364210","0.074","0.0","0.9","0.0","0.0",,"0.0","0.93","0.309"
"pp","9606.ENSP00000263317 (pp) 9606.ENSP00000363089","false","pp","9606.ENSP00000263317 (pp) 9606.ENSP00000363089","0.081","0.0","0.0","0.512","0.0",,"0.0","0.996","0.993"
"pp","9606.ENSP00000263317 (pp) 9606.ENSP00000367851","false","pp","9606.ENSP00000263317 (pp) 9606.ENSP00000367851","0.049","0.1","0.9","0.099","0.0",,"0.0","0.998","0.984"
"pp","9606.ENSP00000263317 (pp) 9606.ENSP00000362057","false","pp","9606.ENSP00000263317 (pp) 9606.ENSP00000362057","0.0","0.106","0.9","0.095","0.0",,"0.0","0.998","0.984"
"pp","9606.ENSP00000263341 (pp) 9606.ENSP00000367668","false","pp","9606.ENSP00000263341 (pp) 9606.ENSP00000367668","0.0","0.0","0.0","0.0","0.0",,"0.0","0.468","0.468"
"pp","9606.ENSP00000263341 (pp) 9606.ENSP00000357711","false","pp","9606.ENSP00000263341 (pp) 9606.ENSP00000357711","0.05","0.0","0.0","0.0","0.0",,"0.0","0.478","0.474"
"pp","9606.ENSP00000263341 (pp) 9606.ENSP00000361366","false","pp","9606.ENSP00000263341 (pp) 9606.ENSP00000361366","0.104","0.0","0.0","0.0","0.0",,"0.0","0.486","0.45"
"pp","9606.ENSP00000263341 (pp) 9606.ENSP00000357704","false","pp","9606.ENSP00000263341 (pp) 9606.ENSP00000357704","0.13","0.0","0.0","0.0","0.0",,"0.0","0.506","0.455"
"pp","9606.ENSP00000263341 (pp) 9606.ENSP00000318585","false","pp","9606.ENSP00000263341 (pp) 9606.ENSP00000318585","0.055","0.0","0.0","0.0","0.0",,"0.0","0.559","0.552"
"pp","9606.ENSP00000263341 (pp) 9606.ENSP00000357727","false","pp","9606.ENSP00000263341 (pp) 9606.ENSP00000357727","0.268","0.0","0.0","0.0","0.0",,"0.0","0.595","0.469"
"pp","9606.ENSP00000263341 (pp) 9606.ENSP00000291700","false","pp","9606.ENSP00000263341 (pp) 9606.ENSP00000291700","0.0","0.0","0.0","0.0","0.0",,"0.0","0.6","0.6"
"pp","9606.ENSP00000263341 (pp) 9606.ENSP00000362057","false","pp","9606.ENSP00000263341 (pp) 9606.ENSP00000362057","0.095","0.0","0.0","0.0","0.0",,"0.0","0.605","0.582"
"pp","9606.ENSP00000263341 (pp) 9606.ENSP00000357721","false","pp","9606.ENSP00000263341 (pp) 9606.ENSP00000357721","0.256","0.0","0.0","0.0","0.0",,"0.0","0.656","0.556"
"pp","9606.ENSP00000263341 (pp) 9606.ENSP00000436126","false","pp","9606.ENSP00000263341 (pp) 9606.ENSP00000436126","0.056","0.0","0.0","0.0","0.0",,"0.0","0.701","0.697"
"pp","9606.ENSP00000263341 (pp) 9606.ENSP00000264896","false","pp","9606.ENSP00000263341 (pp) 9606.ENSP00000264896","0.06","0.0","0.0","0.0","0.0",,"0.0","0.712","0.706"
"pp","9606.ENSP00000263341 (pp) 9606.ENSP00000415743","false","pp","9606.ENSP00000263341 (pp) 9606.ENSP00000415743","0.109","0.0","0.0","0.0","0.0",,"0.0","0.727","0.706"
"pp","9606.ENSP00000263341 (pp) 9606.ENSP00000384906","false","pp","9606.ENSP00000263341 (pp) 9606.ENSP00000384906","0.058","0.0","0.0","0.0","0.0",,"0.0","0.73","0.726"
"pp","9606.ENSP00000263341 (pp) 9606.ENSP00000367851","false","pp","9606.ENSP00000263341 (pp) 9606.ENSP00000367851","0.181","0.0","0.0","0.0","0.0",,"0.0","0.746","0.702"
"pp","9606.ENSP00000263341 (pp) 9606.ENSP00000357726","false","pp","9606.ENSP00000263341 (pp) 9606.ENSP00000357726","0.268","0.0","0.0","0.0","0.0",,"0.0","0.762","0.688"
"pp","9606.ENSP00000263341 (pp) 9606.ENSP00000302961","false","pp","9606.ENSP00000263341 (pp) 9606.ENSP00000302961","0.056","0.0","0.0","0.0","0.0",,"0.0","0.776","0.773"
"pp","9606.ENSP00000263341 (pp) 9606.ENSP00000380948","false","pp","9606.ENSP00000263341 (pp) 9606.ENSP00000380948","0.233","0.0","0.0","0.0","0.0",,"0.0","0.786","0.733"
"pp","9606.ENSP00000263341 (pp) 9606.ENSP00000364210","false","pp","9606.ENSP00000263341 (pp) 9606.ENSP00000364210","0.102","0.0","0.0","0.0","0.0",,"0.0","0.794","0.781"
"pp","9606.ENSP00000263341 (pp) 9606.ENSP00000371067","false","pp","9606.ENSP00000263341 (pp) 9606.ENSP00000371067","0.11","0.0","0.0","0.0","0.0",,"0.0","0.806","0.79"
"pp","9606.ENSP00000263341 (pp) 9606.ENSP00000284981","false","pp","9606.ENSP00000263341 (pp) 9606.ENSP00000284981","0.042","0.0","0.0","0.0","0.0",,"0.0","0.828","0.828"
"pp","9606.ENSP00000263341 (pp) 9606.ENSP00000295897","false","pp","9606.ENSP00000263341 (pp) 9606.ENSP00000295897","0.0","0.0","0.0","0.0","0.0",,"0.0","0.836","0.836"
"pp","9606.ENSP00000263341 (pp) 9606.ENSP00000345347","false","pp","9606.ENSP00000263341 (pp) 9606.ENSP00000345347","0.0","0.0","0.0","0.292","0.0",,"0.0","0.97","0.959"
"pp","9606.ENSP00000263341 (pp) 9606.ENSP00000353874","false","pp","9606.ENSP00000263341 (pp) 9606.ENSP00000353874","0.0","0.0","0.0","0.0","0.0",,"0.0","0.975","0.975"
"pp","9606.ENSP00000263341 (pp) 9606.ENSP00000363089","false","pp","9606.ENSP00000263341 (pp) 9606.ENSP00000363089","0.181","0.0","0.0","0.0","0.0",,"0.0","0.986","0.984"
"pp","9606.ENSP00000263341 (pp) 9606.ENSP00000385675","false","pp","9606.ENSP00000263341 (pp) 9606.ENSP00000385675","0.515","0.0","0.4","0.0","0.0",,"0.0","0.996","0.989"
"pp","9606.ENSP00000263341 (pp) 9606.ENSP00000398698","false","pp","9606.ENSP00000263341 (pp) 9606.ENSP00000398698","0.616","0.0","0.4","0.0","0.0",,"0.0","0.998","0.993"
"pp","9606.ENSP00000263341 (pp) 9606.ENSP00000498321","false","pp","9606.ENSP00000263341 (pp) 9606.ENSP00000498321","0.115","0.0","0.5","0.0","0.0",,"0.0","0.999","0.998"
"pp","9606.ENSP00000264896 (pp) 9606.ENSP00000353874","false","pp","9606.ENSP00000264896 (pp) 9606.ENSP00000353874","0.0","0.0","0.0","0.0","0.0",,"0.0","0.47","0.47"
"pp","9606.ENSP00000264896 (pp) 9606.ENSP00000367851","false","pp","9606.ENSP00000264896 (pp) 9606.ENSP00000367851","0.094","0.0","0.0","0.0","0.0",,"0.0","0.506","0.477"
"pp","9606.ENSP00000264896 (pp) 9606.ENSP00000436126","false","pp","9606.ENSP00000264896 (pp) 9606.ENSP00000436126","0.0","0.0","0.0","0.0","0.0",,"0.0","0.518","0.518"
"pp","9606.ENSP00000264896 (pp) 9606.ENSP00000384906","false","pp","9606.ENSP00000264896 (pp) 9606.ENSP00000384906","0.0","0.0","0.0","0.0","0.0",,"0.0","0.522","0.522"
"pp","9606.ENSP00000264896 (pp) 9606.ENSP00000357727","false","pp","9606.ENSP00000264896 (pp) 9606.ENSP00000357727","0.061","0.0","0.0","0.112","0.0",,"0.0","0.572","0.528"
"pp","9606.ENSP00000264896 (pp) 9606.ENSP00000302961","false","pp","9606.ENSP00000264896 (pp) 9606.ENSP00000302961","0.055","0.0","0.0","0.071","0.0",,"0.0","0.593","0.574"
"pp","9606.ENSP00000264896 (pp) 9606.ENSP00000345347","false","pp","9606.ENSP00000264896 (pp) 9606.ENSP00000345347","0.042","0.0","0.0","0.0","0.0",,"0.0","0.595","0.595"
"pp","9606.ENSP00000264896 (pp) 9606.ENSP00000295897","false","pp","9606.ENSP00000264896 (pp) 9606.ENSP00000295897","0.0","0.0","0.0","0.0","0.0",,"0.0","0.596","0.596"
"pp","9606.ENSP00000264896 (pp) 9606.ENSP00000357726","false","pp","9606.ENSP00000264896 (pp) 9606.ENSP00000357726","0.061","0.0","0.0","0.112","0.0",,"0.0","0.625","0.587"
"pp","9606.ENSP00000264896 (pp) 9606.ENSP00000498321","false","pp","9606.ENSP00000264896 (pp) 9606.ENSP00000498321","0.094","0.0","0.0","0.0","0.0",,"0.0","0.634","0.613"
"pp","9606.ENSP00000264896 (pp) 9606.ENSP00000284981","false","pp","9606.ENSP00000264896 (pp) 9606.ENSP00000284981","0.1","0.0","0.0","0.0","0.0",,"0.0","0.647","0.624"
"pp","9606.ENSP00000264896 (pp) 9606.ENSP00000398698","false","pp","9606.ENSP00000264896 (pp) 9606.ENSP00000398698","0.074","0.0","0.0","0.0","0.0",,"0.0","0.68","0.669"
"pp","9606.ENSP00000264896 (pp) 9606.ENSP00000385675","false","pp","9606.ENSP00000264896 (pp) 9606.ENSP00000385675","0.084","0.0","0.0","0.0","0.0",,"0.0","0.709","0.696"
"pp","9606.ENSP00000264896 (pp) 9606.ENSP00000364210","false","pp","9606.ENSP00000264896 (pp) 9606.ENSP00000364210","0.067","0.0","0.0","0.0","0.0",,"0.0","0.723","0.716"
"pp","9606.ENSP00000264896 (pp) 9606.ENSP00000380948","false","pp","9606.ENSP00000264896 (pp) 9606.ENSP00000380948","0.066","0.0","0.0","0.0","0.0",,"0.0","0.781","0.775"
"pp","9606.ENSP00000264896 (pp) 9606.ENSP00000363089","false","pp","9606.ENSP00000264896 (pp) 9606.ENSP00000363089","0.115","0.0","0.0","0.0","0.0",,"0.0","0.996","0.995"
"pp","9606.ENSP00000271638 (pp) 9606.ENSP00000278282","false","pp","9606.ENSP00000271638 (pp) 9606.ENSP00000278282","0.0","0.0","0.0","0.0","0.0",,"0.0","0.41","0.41"
"pp","9606.ENSP00000271638 (pp) 9606.ENSP00000357721","false","pp","9606.ENSP00000271638 (pp) 9606.ENSP00000357721","0.197","0.0","0.0","0.0","0.0",,"0.0","0.473","0.371"
"pp","9606.ENSP00000271638 (pp) 9606.ENSP00000357704","false","pp","9606.ENSP00000271638 (pp) 9606.ENSP00000357704","0.446","0.0","0.0","0.0","0.0",,"0.0","0.509","0.151"
"pp","9606.ENSP00000271638 (pp) 9606.ENSP00000291700","false","pp","9606.ENSP00000271638 (pp) 9606.ENSP00000291700","0.0","0.0","0.0","0.292","0.0",,"0.0","0.593","0.449"
"pp","9606.ENSP00000271638 (pp) 9606.ENSP00000357711","false","pp","9606.ENSP00000271638 (pp) 9606.ENSP00000357711","0.055","0.0","0.0","0.0","0.0",,"0.0","0.603","0.597"
"pp","9606.ENSP00000271638 (pp) 9606.ENSP00000357709","false","pp","9606.ENSP00000271638 (pp) 9606.ENSP00000357709","0.51","0.0","0.0","0.0","0.0",,"0.0","0.706","0.424"
"pp","9606.ENSP00000271638 (pp) 9606.ENSP00000364210","false","pp","9606.ENSP00000271638 (pp) 9606.ENSP00000364210","0.072","0.0","0.0","0.05","0.0",,"0.0","0.961","0.96"
"pp","9606.ENSP00000278282 (pp) 9606.ENSP00000398698","false","pp","9606.ENSP00000278282 (pp) 9606.ENSP00000398698","0.043","0.0","0.0","0.0","0.0",,"0.0","0.401","0.4"
"pp","9606.ENSP00000278282 (pp) 9606.ENSP00000295897","false","pp","9606.ENSP00000278282 (pp) 9606.ENSP00000295897","0.0","0.0","0.0","0.0","0.0",,"0.0","0.405","0.405"
"pp","9606.ENSP00000278282 (pp) 9606.ENSP00000385675","false","pp","9606.ENSP00000278282 (pp) 9606.ENSP00000385675","0.042","0.0","0.0","0.0","0.0",,"0.0","0.447","0.447"
"pp","9606.ENSP00000278282 (pp) 9606.ENSP00000364210","false","pp","9606.ENSP00000278282 (pp) 9606.ENSP00000364210","0.418","0.0","0.0","0.0","0.0",,"0.0","0.684","0.479"
"pp","9606.ENSP00000278282 (pp) 9606.ENSP00000397082","false","pp","9606.ENSP00000278282 (pp) 9606.ENSP00000397082","0.563","0.0","0.0","0.0","0.0",,"0.0","0.826","0.618"
"pp","9606.ENSP00000278282 (pp) 9606.ENSP00000361366","false","pp","9606.ENSP00000278282 (pp) 9606.ENSP00000361366","0.443","0.0","0.0","0.0","0.0",,"0.0","0.837","0.72"
"pp","9606.ENSP00000278282 (pp) 9606.ENSP00000499683","false","pp","9606.ENSP00000278282 (pp) 9606.ENSP00000499683","0.62","0.0","0.0","0.0","0.0",,"0.0","0.92","0.8"
"pp","9606.ENSP00000278282 (pp) 9606.ENSP00000316152","false","pp","9606.ENSP00000278282 (pp) 9606.ENSP00000316152","0.671","0.0","0.0","0.0","0.0",,"0.0","0.95","0.855"
"pp","9606.ENSP00000284981 (pp) 9606.ENSP00000357726","false","pp","9606.ENSP00000284981 (pp) 9606.ENSP00000357726","0.067","0.0","0.4","0.071","0.0",,"0.0","0.508","0.165"
"pp","9606.ENSP00000284981 (pp) 9606.ENSP00000345347","false","pp","9606.ENSP00000284981 (pp) 9606.ENSP00000345347","0.042","0.0","0.4","0.073","0.0",,"0.0","0.583","0.31"
"pp","9606.ENSP00000284981 (pp) 9606.ENSP00000415743","false","pp","9606.ENSP00000284981 (pp) 9606.ENSP00000415743","0.042","0.0","0.0","0.077","0.0",,"0.0","0.635","0.621"
"pp","9606.ENSP00000284981 (pp) 9606.ENSP00000436126","false","pp","9606.ENSP00000284981 (pp) 9606.ENSP00000436126","0.0","0.0","0.54","0.0","0.0",,"0.0","0.669","0.311"
"pp","9606.ENSP00000284981 (pp) 9606.ENSP00000363089","false","pp","9606.ENSP00000284981 (pp) 9606.ENSP00000363089","0.042","0.0","0.0","0.0","0.0",,"0.0","0.67","0.67"
"pp","9606.ENSP00000284981 (pp) 9606.ENSP00000385675","false","pp","9606.ENSP00000284981 (pp) 9606.ENSP00000385675","0.0","0.0","0.0","0.0","0.0",,"0.0","0.68","0.68"
"pp","9606.ENSP00000284981 (pp) 9606.ENSP00000384906","false","pp","9606.ENSP00000284981 (pp) 9606.ENSP00000384906","0.0","0.0","0.54","0.0","0.0",,"0.0","0.687","0.348"
"pp","9606.ENSP00000284981 (pp) 9606.ENSP00000316152","false","pp","9606.ENSP00000284981 (pp) 9606.ENSP00000316152","0.0","0.0","0.0","0.626","0.0",,"0.0","0.688","0.201"
"pp","9606.ENSP00000284981 (pp) 9606.ENSP00000291700","false","pp","9606.ENSP00000284981 (pp) 9606.ENSP00000291700","0.0","0.0","0.4","0.074","0.0",,"0.0","0.748","0.583"
"pp","9606.ENSP00000284981 (pp) 9606.ENSP00000398698","false","pp","9606.ENSP00000284981 (pp) 9606.ENSP00000398698","0.0","0.0","0.0","0.126","0.0",,"0.0","0.799","0.78"
"pp","9606.ENSP00000284981 (pp) 9606.ENSP00000302961","false","pp","9606.ENSP00000284981 (pp) 9606.ENSP00000302961","0.042","0.0","0.0","0.319","0.0",,"0.0","0.849","0.788"
"pp","9606.ENSP00000284981 (pp) 9606.ENSP00000364210","false","pp","9606.ENSP00000284981 (pp) 9606.ENSP00000364210","0.0","0.0","0.5","0.07","0.0",,"0.0","0.881","0.766"
"pp","9606.ENSP00000284981 (pp) 9606.ENSP00000367668","false","pp","9606.ENSP00000284981 (pp) 9606.ENSP00000367668","0.0","0.0","0.0","0.064","0.0",,"0.0","0.891","0.888"
"pp","9606.ENSP00000284981 (pp) 9606.ENSP00000295897","false","pp","9606.ENSP00000284981 (pp) 9606.ENSP00000295897","0.0","0.0","0.4","0.292","0.0",,"0.0","0.901","0.787"
"pp","9606.ENSP00000284981 (pp) 9606.ENSP00000318585","false","pp","9606.ENSP00000284981 (pp) 9606.ENSP00000318585","0.073","0.0","0.75","0.86","0.0",,"0.0","0.999","0.999"
"pp","9606.ENSP00000291700 (pp) 9606.ENSP00000380948","false","pp","9606.ENSP00000291700 (pp) 9606.ENSP00000380948","0.042","0.0","0.0","0.0","0.0",,"0.0","0.444","0.444"
"pp","9606.ENSP00000291700 (pp) 9606.ENSP00000384906","false","pp","9606.ENSP00000291700 (pp) 9606.ENSP00000384906","0.0","0.0","0.4","0.0","0.0",,"0.0","0.461","0.139"
"pp","9606.ENSP00000291700 (pp) 9606.ENSP00000373706","false","pp","9606.ENSP00000291700 (pp) 9606.ENSP00000373706","0.0","0.0","0.0","0.0","0.0",,"0.0","0.466","0.466"
"pp","9606.ENSP00000291700 (pp) 9606.ENSP00000357711","false","pp","9606.ENSP00000291700 (pp) 9606.ENSP00000357711","0.0","0.0","0.0","0.0","0.0",,"0.0","0.484","0.484"
"pp","9606.ENSP00000291700 (pp) 9606.ENSP00000392767","false","pp","9606.ENSP00000291700 (pp) 9606.ENSP00000392767","0.047","0.0","0.0","0.0","0.0",,"0.0","0.572","0.57"
"pp","9606.ENSP00000291700 (pp) 9606.ENSP00000398698","false","pp","9606.ENSP00000291700 (pp) 9606.ENSP00000398698","0.0","0.0","0.0","0.0","0.0",,"0.0","0.58","0.58"
"pp","9606.ENSP00000291700 (pp) 9606.ENSP00000295897","false","pp","9606.ENSP00000291700 (pp) 9606.ENSP00000295897","0.048","0.0","0.0","0.0","0.0",,"0.0","0.585","0.582"
"pp","9606.ENSP00000291700 (pp) 9606.ENSP00000385675","false","pp","9606.ENSP00000291700 (pp) 9606.ENSP00000385675","0.0","0.0","0.0","0.0","0.0",,"0.0","0.621","0.621"
"pp","9606.ENSP00000291700 (pp) 9606.ENSP00000302961","false","pp","9606.ENSP00000291700 (pp) 9606.ENSP00000302961","0.0","0.0","0.0","0.0","0.0",,"0.0","0.636","0.636"
"pp","9606.ENSP00000291700 (pp) 9606.ENSP00000357726","false","pp","9606.ENSP00000291700 (pp) 9606.ENSP00000357726","0.0","0.0","0.4","0.0","0.0",,"0.0","0.642","0.428"
"pp","9606.ENSP00000291700 (pp) 9606.ENSP00000296370","false","pp","9606.ENSP00000291700 (pp) 9606.ENSP00000296370","0.0","0.0","0.0","0.695","0.0",,"0.0","0.698","0.051"
"pp","9606.ENSP00000291700 (pp) 9606.ENSP00000357704","false","pp","9606.ENSP00000291700 (pp) 9606.ENSP00000357704","0.044","0.0","0.0","0.741","0.0",,"0.0","0.757","0.101"
"pp","9606.ENSP00000291700 (pp) 9606.ENSP00000357709","false","pp","9606.ENSP00000291700 (pp) 9606.ENSP00000357709","0.042","0.0","0.0","0.521","0.0",,"0.0","0.775","0.549"
"pp","9606.ENSP00000291700 (pp) 9606.ENSP00000345347","false","pp","9606.ENSP00000291700 (pp) 9606.ENSP00000345347","0.0","0.0","0.4","0.0","0.0",,"0.0","0.83","0.729"
"pp","9606.ENSP00000291700 (pp) 9606.ENSP00000363089","false","pp","9606.ENSP00000291700 (pp) 9606.ENSP00000363089","0.0","0.0","0.0","0.0","0.0",,"0.0","0.844","0.844"
"pp","9606.ENSP00000291700 (pp) 9606.ENSP00000292169","false","pp","9606.ENSP00000291700 (pp) 9606.ENSP00000292169","0.115","0.0","0.0","0.892","0.0",,"0.0","0.98","0.814"
"pp","9606.ENSP00000291700 (pp) 9606.ENSP00000364210","false","pp","9606.ENSP00000291700 (pp) 9606.ENSP00000364210","0.05","0.0","0.5","0.971","0.0",,"0.0","0.999","0.995"
"pp","9606.ENSP00000292169 (pp) 9606.ENSP00000357709","false","pp","9606.ENSP00000292169 (pp) 9606.ENSP00000357709","0.0","0.0","0.0","0.0","0.0",,"0.0","0.435","0.435"
"pp","9606.ENSP00000292169 (pp) 9606.ENSP00000357727","false","pp","9606.ENSP00000292169 (pp) 9606.ENSP00000357727","0.0","0.0","0.5","0.045","0.0",,"0.0","0.546","0.126"
"pp","9606.ENSP00000292169 (pp) 9606.ENSP00000357721","false","pp","9606.ENSP00000292169 (pp) 9606.ENSP00000357721","0.0","0.0","0.5","0.0","0.0",,"0.0","0.553","0.143"
"pp","9606.ENSP00000292169 (pp) 9606.ENSP00000415743","false","pp","9606.ENSP00000292169 (pp) 9606.ENSP00000415743","0.0","0.0","0.5","0.112","0.0",,"0.0","0.608","0.189"
"pp","9606.ENSP00000292169 (pp) 9606.ENSP00000302961","false","pp","9606.ENSP00000292169 (pp) 9606.ENSP00000302961","0.0","0.0","0.0","0.1","0.0",,"0.0","0.632","0.608"
"pp","9606.ENSP00000292169 (pp) 9606.ENSP00000345347","false","pp","9606.ENSP00000292169 (pp) 9606.ENSP00000345347","0.0","0.0","0.5","0.045","0.0",,"0.0","0.644","0.314"
"pp","9606.ENSP00000292169 (pp) 9606.ENSP00000364210","false","pp","9606.ENSP00000292169 (pp) 9606.ENSP00000364210","0.0","0.0","0.0","0.41","0.0",,"0.0","0.802","0.678"
"pp","9606.ENSP00000292169 (pp) 9606.ENSP00000357704","false","pp","9606.ENSP00000292169 (pp) 9606.ENSP00000357704","0.088","0.0","0.0","0.784","0.0",,"0.0","0.807","0.099"
"pp","9606.ENSP00000292169 (pp) 9606.ENSP00000357711","false","pp","9606.ENSP00000292169 (pp) 9606.ENSP00000357711","0.0","0.0","0.0","0.0","0.0",,"0.0","0.808","0.808"
"pp","9606.ENSP00000292169 (pp) 9606.ENSP00000363089","false","pp","9606.ENSP00000292169 (pp) 9606.ENSP00000363089","0.0","0.0","0.5","0.093","0.0",,"0.0","0.836","0.668"
"pp","9606.ENSP00000292169 (pp) 9606.ENSP00000296370","false","pp","9606.ENSP00000292169 (pp) 9606.ENSP00000296370","0.057","0.0","0.0","0.846","0.0",,"0.0","0.858","0.102"
"pp","9606.ENSP00000295897 (pp) 9606.ENSP00000357704","false","pp","9606.ENSP00000295897 (pp) 9606.ENSP00000357704","0.0","0.0","0.0","0.0","0.0",,"0.0","0.418","0.418"
"pp","9606.ENSP00000295897 (pp) 9606.ENSP00000407586","false","pp","9606.ENSP00000295897 (pp) 9606.ENSP00000407586","0.0","0.0","0.0","0.0","0.0",,"0.0","0.44","0.44"
"pp","9606.ENSP00000295897 (pp) 9606.ENSP00000318585","false","pp","9606.ENSP00000295897 (pp) 9606.ENSP00000318585","0.0","0.0","0.0","0.0","0.0",,"0.0","0.454","0.454"
"pp","9606.ENSP00000295897 (pp) 9606.ENSP00000362057","false","pp","9606.ENSP00000295897 (pp) 9606.ENSP00000362057","0.0","0.0","0.0","0.0","0.0",,"0.0","0.455","0.455"
"pp","9606.ENSP00000295897 (pp) 9606.ENSP00000436126","false","pp","9606.ENSP00000295897 (pp) 9606.ENSP00000436126","0.049","0.0","0.0","0.0","0.0",,"0.0","0.483","0.479"
"pp","9606.ENSP00000295897 (pp) 9606.ENSP00000357709","false","pp","9606.ENSP00000295897 (pp) 9606.ENSP00000357709","0.0","0.0","0.0","0.0","0.0",,"0.0","0.491","0.491"
"pp","9606.ENSP00000295897 (pp) 9606.ENSP00000353874","false","pp","9606.ENSP00000295897 (pp) 9606.ENSP00000353874","0.0","0.0","0.0","0.0","0.0",,"0.0","0.494","0.494"
"pp","9606.ENSP00000295897 (pp) 9606.ENSP00000371067","false","pp","9606.ENSP00000295897 (pp) 9606.ENSP00000371067","0.0","0.0","0.0","0.0","0.0",,"0.0","0.53","0.53"
"pp","9606.ENSP00000295897 (pp) 9606.ENSP00000367851","false","pp","9606.ENSP00000295897 (pp) 9606.ENSP00000367851","0.0","0.0","0.0","0.0","0.0",,"0.0","0.553","0.553"
"pp","9606.ENSP00000295897 (pp) 9606.ENSP00000345347","false","pp","9606.ENSP00000295897 (pp) 9606.ENSP00000345347","0.0","0.0","0.0","0.0","0.0",,"0.0","0.553","0.553"
"pp","9606.ENSP00000295897 (pp) 9606.ENSP00000498321","false","pp","9606.ENSP00000295897 (pp) 9606.ENSP00000498321","0.0","0.0","0.0","0.0","0.0",,"0.0","0.563","0.563"
"pp","9606.ENSP00000295897 (pp) 9606.ENSP00000361366","false","pp","9606.ENSP00000295897 (pp) 9606.ENSP00000361366","0.081","0.0","0.0","0.0","0.0",,"0.0","0.611","0.594"
"pp","9606.ENSP00000295897 (pp) 9606.ENSP00000415743","false","pp","9606.ENSP00000295897 (pp) 9606.ENSP00000415743","0.0","0.0","0.0","0.0","0.0",,"0.0","0.64","0.64"
"pp","9606.ENSP00000295897 (pp) 9606.ENSP00000357721","false","pp","9606.ENSP00000295897 (pp) 9606.ENSP00000357721","0.0","0.0","0.0","0.162","0.0",,"0.0","0.653","0.604"
"pp","9606.ENSP00000295897 (pp) 9606.ENSP00000380948","false","pp","9606.ENSP00000295897 (pp) 9606.ENSP00000380948","0.0","0.0","0.0","0.0","0.0",,"0.0","0.684","0.684"
"pp","9606.ENSP00000295897 (pp) 9606.ENSP00000384906","false","pp","9606.ENSP00000295897 (pp) 9606.ENSP00000384906","0.0","0.0","0.0","0.0","0.0",,"0.0","0.705","0.705"
"pp","9606.ENSP00000295897 (pp) 9606.ENSP00000302961","false","pp","9606.ENSP00000295897 (pp) 9606.ENSP00000302961","0.056","0.0","0.0","0.0","0.0",,"0.0","0.742","0.738"
"pp","9606.ENSP00000295897 (pp) 9606.ENSP00000364210","false","pp","9606.ENSP00000295897 (pp) 9606.ENSP00000364210","0.0","0.0","0.0","0.0","0.0",,"0.0","0.797","0.797"
"pp","9606.ENSP00000295897 (pp) 9606.ENSP00000363089","false","pp","9606.ENSP00000295897 (pp) 9606.ENSP00000363089","0.0","0.0","0.0","0.0","0.0",,"0.0","0.821","0.821"
"pp","9606.ENSP00000295897 (pp) 9606.ENSP00000398698","false","pp","9606.ENSP00000295897 (pp) 9606.ENSP00000398698","0.0","0.0","0.0","0.0","0.0",,"0.0","0.87","0.87"
"pp","9606.ENSP00000295897 (pp) 9606.ENSP00000385675","false","pp","9606.ENSP00000295897 (pp) 9606.ENSP00000385675","0.0","0.0","0.0","0.0","0.0",,"0.0","0.926","0.926"
"pp","9606.ENSP00000296370 (pp) 9606.ENSP00000364210","false","pp","9606.ENSP00000296370 (pp) 9606.ENSP00000364210","0.072","0.0","0.0","0.948","0.0",,"0.0","0.962","0.27"
"pp","9606.ENSP00000302961 (pp) 9606.ENSP00000353874","false","pp","9606.ENSP00000302961 (pp) 9606.ENSP00000353874","0.0","0.0","0.0","0.182","0.0",,"0.0","0.467","0.375"
"pp","9606.ENSP00000302961 (pp) 9606.ENSP00000380948","false","pp","9606.ENSP00000302961 (pp) 9606.ENSP00000380948","0.054","0.0","0.0","0.0","0.0",,"0.0","0.521","0.515"
"pp","9606.ENSP00000302961 (pp) 9606.ENSP00000498321","false","pp","9606.ENSP00000302961 (pp) 9606.ENSP00000498321","0.082","0.0","0.0","0.069","0.0",,"0.0","0.526","0.49"
"pp","9606.ENSP00000302961 (pp) 9606.ENSP00000415743","false","pp","9606.ENSP00000302961 (pp) 9606.ENSP00000415743","0.05","0.0","0.0","0.071","0.0",,"0.0","0.563","0.545"
"pp","9606.ENSP00000302961 (pp) 9606.ENSP00000367851","false","pp","9606.ENSP00000302961 (pp) 9606.ENSP00000367851","0.059","0.0","0.0","0.053","0.0",,"0.0","0.568","0.554"
"pp","9606.ENSP00000302961 (pp) 9606.ENSP00000345347","false","pp","9606.ENSP00000302961 (pp) 9606.ENSP00000345347","0.079","0.0","0.0","0.088","0.0",,"0.0","0.619","0.583"
"pp","9606.ENSP00000302961 (pp) 9606.ENSP00000385675","false","pp","9606.ENSP00000302961 (pp) 9606.ENSP00000385675","0.093","0.0","0.0","0.0","0.0",,"0.0","0.79","0.779"
"pp","9606.ENSP00000302961 (pp) 9606.ENSP00000398698","false","pp","9606.ENSP00000302961 (pp) 9606.ENSP00000398698","0.06","0.0","0.0","0.0","0.0",,"0.0","0.79","0.786"
"pp","9606.ENSP00000302961 (pp) 9606.ENSP00000364210","false","pp","9606.ENSP00000302961 (pp) 9606.ENSP00000364210","0.0","0.0","0.0","0.047","0.0",,"0.0","0.807","0.806"
"pp","9606.ENSP00000302961 (pp) 9606.ENSP00000363089","false","pp","9606.ENSP00000302961 (pp) 9606.ENSP00000363089","0.0","0.0","0.0","0.337","0.0",,"0.0","0.996","0.995"
"pp","9606.ENSP00000316152 (pp) 9606.ENSP00000364210","false","pp","9606.ENSP00000316152 (pp) 9606.ENSP00000364210","0.743","0.0","0.0","0.0","0.0",,"0.0","0.87","0.516"
"pp","9606.ENSP00000316152 (pp) 9606.ENSP00000361366","false","pp","9606.ENSP00000316152 (pp) 9606.ENSP00000361366","0.704","0.0","0.5","0.0","0.0",,"0.0","0.99","0.944"
"pp","9606.ENSP00000316152 (pp) 9606.ENSP00000499683","false","pp","9606.ENSP00000316152 (pp) 9606.ENSP00000499683","0.824","0.0","0.7","0.0","0.0",,"0.0","0.999","0.99"
"pp","9606.ENSP00000316152 (pp) 9606.ENSP00000397082","false","pp","9606.ENSP00000316152 (pp) 9606.ENSP00000397082","0.855","0.0","0.5","0.0","0.0",,"0.0","0.999","0.99"
"pp","9606.ENSP00000318585 (pp) 9606.ENSP00000385675","false","pp","9606.ENSP00000318585 (pp) 9606.ENSP00000385675","0.066","0.0","0.0","0.0","0.0",,"0.0","0.503","0.489"
"pp","9606.ENSP00000318585 (pp) 9606.ENSP00000398698","false","pp","9606.ENSP00000318585 (pp) 9606.ENSP00000398698","0.064","0.0","0.0","0.0","0.0",,"0.0","0.532","0.52"
"pp","9606.ENSP00000318585 (pp) 9606.ENSP00000364210","false","pp","9606.ENSP00000318585 (pp) 9606.ENSP00000364210","0.0","0.0","0.0","0.042","0.0",,"0.0","0.631","0.631"
"pp","9606.ENSP00000318585 (pp) 9606.ENSP00000367668","false","pp","9606.ENSP00000318585 (pp) 9606.ENSP00000367668","0.0","0.0","0.0","0.046","0.0",,"0.0","0.861","0.861"
"pp","9606.ENSP00000345347 (pp) 9606.ENSP00000371067","false","pp","9606.ENSP00000345347 (pp) 9606.ENSP00000371067","0.086","0.0","0.0","0.071","0.0",,"0.0","0.404","0.354"
"pp","9606.ENSP00000345347 (pp) 9606.ENSP00000367851","false","pp","9606.ENSP00000345347 (pp) 9606.ENSP00000367851","0.083","0.0","0.0","0.0","0.0",,"0.0","0.456","0.431"
"pp","9606.ENSP00000345347 (pp) 9606.ENSP00000436126","false","pp","9606.ENSP00000345347 (pp) 9606.ENSP00000436126","0.0","0.0","0.0","0.0","0.0",,"0.0","0.499","0.499"
"pp","9606.ENSP00000345347 (pp) 9606.ENSP00000380948","false","pp","9606.ENSP00000345347 (pp) 9606.ENSP00000380948","0.067","0.0","0.0","0.0","0.0",,"0.0","0.584","0.572"
"pp","9606.ENSP00000345347 (pp) 9606.ENSP00000357721","false","pp","9606.ENSP00000345347 (pp) 9606.ENSP00000357721","0.09","0.0","0.5","0.045","0.0",,"0.0","0.646","0.282"
"pp","9606.ENSP00000345347 (pp) 9606.ENSP00000384906","false","pp","9606.ENSP00000345347 (pp) 9606.ENSP00000384906","0.0","0.0","0.4","0.0","0.0",,"0.0","0.7","0.521"
"pp","9606.ENSP00000345347 (pp) 9606.ENSP00000398698","false","pp","9606.ENSP00000345347 (pp) 9606.ENSP00000398698","0.083","0.0","0.0","0.0","0.0",,"0.0","0.753","0.742"
"pp","9606.ENSP00000345347 (pp) 9606.ENSP00000357727","false","pp","9606.ENSP00000345347 (pp) 9606.ENSP00000357727","0.062","0.0","0.5","0.045","0.0",,"0.0","0.759","0.525"
"pp","9606.ENSP00000345347 (pp) 9606.ENSP00000415743","false","pp","9606.ENSP00000345347 (pp) 9606.ENSP00000415743","0.042","0.0","0.5","0.0","0.0",,"0.0","0.789","0.595"
"pp","9606.ENSP00000345347 (pp) 9606.ENSP00000385675","false","pp","9606.ENSP00000345347 (pp) 9606.ENSP00000385675","0.086","0.0","0.0","0.0","0.0",,"0.0","0.792","0.782"
"pp","9606.ENSP00000345347 (pp) 9606.ENSP00000498321","false","pp","9606.ENSP00000345347 (pp) 9606.ENSP00000498321","0.073","0.0","0.0","0.091","0.0",,"0.0","0.812","0.795"
"pp","9606.ENSP00000345347 (pp) 9606.ENSP00000357726","false","pp","9606.ENSP00000345347 (pp) 9606.ENSP00000357726","0.075","0.0","0.4","0.045","0.0",,"0.0","0.894","0.824"
"pp","9606.ENSP00000345347 (pp) 9606.ENSP00000353874","false","pp","9606.ENSP00000345347 (pp) 9606.ENSP00000353874","0.0","0.0","0.0","0.0","0.0",,"0.0","0.997","0.997"
"pp","9606.ENSP00000345347 (pp) 9606.ENSP00000364210","false","pp","9606.ENSP00000345347 (pp) 9606.ENSP00000364210","0.0","0.0","0.5","0.603","0.0",,"0.0","0.999","0.999"
"pp","9606.ENSP00000345347 (pp) 9606.ENSP00000363089","false","pp","9606.ENSP00000345347 (pp) 9606.ENSP00000363089","0.078","0.0","0.5","0.445","0.0",,"0.0","0.999","0.998"
"pp","9606.ENSP00000353874 (pp) 9606.ENSP00000371067","false","pp","9606.ENSP00000353874 (pp) 9606.ENSP00000371067","0.0","0.0","0.0","0.1","0.0",,"0.0","0.409","0.371"
"pp","9606.ENSP00000353874 (pp) 9606.ENSP00000367851","false","pp","9606.ENSP00000353874 (pp) 9606.ENSP00000367851","0.087","0.0","0.0","0.045","0.0",,"0.0","0.423","0.392"
"pp","9606.ENSP00000353874 (pp) 9606.ENSP00000415743","false","pp","9606.ENSP00000353874 (pp) 9606.ENSP00000415743","0.0","0.0","0.0","0.0","0.0",,"0.0","0.447","0.447"
"pp","9606.ENSP00000353874 (pp) 9606.ENSP00000380948","false","pp","9606.ENSP00000353874 (pp) 9606.ENSP00000380948","0.165","0.0","0.0","0.057","0.0",,"0.0","0.452","0.359"
"pp","9606.ENSP00000353874 (pp) 9606.ENSP00000364210","false","pp","9606.ENSP00000353874 (pp) 9606.ENSP00000364210","0.072","0.0","0.0","0.0","0.0",,"0.0","0.795","0.789"
"pp","9606.ENSP00000353874 (pp) 9606.ENSP00000385675","false","pp","9606.ENSP00000353874 (pp) 9606.ENSP00000385675","0.058","0.0","0.0","0.0","0.0",,"0.0","0.895","0.893"
"pp","9606.ENSP00000353874 (pp) 9606.ENSP00000398698","false","pp","9606.ENSP00000353874 (pp) 9606.ENSP00000398698","0.088","0.0","0.0","0.0","0.0",,"0.0","0.896","0.891"
"pp","9606.ENSP00000353874 (pp) 9606.ENSP00000363089","false","pp","9606.ENSP00000353874 (pp) 9606.ENSP00000363089","0.063","0.0","0.9","0.0","0.0",,"0.0","0.979","0.803"
"pp","9606.ENSP00000353874 (pp) 9606.ENSP00000498321","false","pp","9606.ENSP00000353874 (pp) 9606.ENSP00000498321","0.042","0.0","0.9","0.552","0.0",,"0.0","0.999","0.999"
"pp","9606.ENSP00000357704 (pp) 9606.ENSP00000392767","false","pp","9606.ENSP00000357704 (pp) 9606.ENSP00000392767","0.142","0.0","0.0","0.0","0.0",,"0.0","0.445","0.38"
"pp","9606.ENSP00000357704 (pp) 9606.ENSP00000385675","false","pp","9606.ENSP00000357704 (pp) 9606.ENSP00000385675","0.087","0.0","0.0","0.0","0.0",,"0.0","0.501","0.476"
"pp","9606.ENSP00000357704 (pp) 9606.ENSP00000357711","false","pp","9606.ENSP00000357704 (pp) 9606.ENSP00000357711","0.0","0.0","0.0","0.0","0.0",,"0.0","0.58","0.58"
"pp","9606.ENSP00000357704 (pp) 9606.ENSP00000398698","false","pp","9606.ENSP00000357704 (pp) 9606.ENSP00000398698","0.106","0.0","0.0","0.324","0.0",,"0.0","0.617","0.417"
"pp","9606.ENSP00000357704 (pp) 9606.ENSP00000363089","false","pp","9606.ENSP00000357704 (pp) 9606.ENSP00000363089","0.14","0.0","0.0","0.093","0.0",,"0.0","0.643","0.579"
"pp","9606.ENSP00000357704 (pp) 9606.ENSP00000357709","false","pp","9606.ENSP00000357704 (pp) 9606.ENSP00000357709","0.654","0.055","0.0","0.162","0.0",,"0.0","0.755","0.21"
"pp","9606.ENSP00000357704 (pp) 9606.ENSP00000364210","false","pp","9606.ENSP00000357704 (pp) 9606.ENSP00000364210","0.091","0.0","0.0","0.41","0.0",,"0.0","0.988","0.981"
"pp","9606.ENSP00000357709 (pp) 9606.ENSP00000398698","false","pp","9606.ENSP00000357709 (pp) 9606.ENSP00000398698","0.0","0.0","0.0","0.324","0.0",,"0.0","0.477","0.259"
"pp","9606.ENSP00000357709 (pp) 9606.ENSP00000357726","false","pp","9606.ENSP00000357709 (pp) 9606.ENSP00000357726","0.117","0.0","0.0","0.0","0.0",,"0.0","0.512","0.469"
"pp","9606.ENSP00000357709 (pp) 9606.ENSP00000357711","false","pp","9606.ENSP00000357709 (pp) 9606.ENSP00000357711","0.0","0.0","0.0","0.0","0.0",,"0.0","0.596","0.596"
"pp","9606.ENSP00000357709 (pp) 9606.ENSP00000357721","false","pp","9606.ENSP00000357709 (pp) 9606.ENSP00000357721","0.08","0.0","0.0","0.0","0.0",,"0.0","0.701","0.689"
"pp","9606.ENSP00000357709 (pp) 9606.ENSP00000392767","false","pp","9606.ENSP00000357709 (pp) 9606.ENSP00000392767","0.172","0.0","0.0","0.0","0.0",,"0.0","0.755","0.717"
"pp","9606.ENSP00000357709 (pp) 9606.ENSP00000364210","false","pp","9606.ENSP00000357709 (pp) 9606.ENSP00000364210","0.0","0.0","0.0","0.9","0.0",,"0.0","0.983","0.84"
"pp","9606.ENSP00000357711 (pp) 9606.ENSP00000398698","false","pp","9606.ENSP00000357711 (pp) 9606.ENSP00000398698","0.0","0.0","0.0","0.0","0.0",,"0.0","0.447","0.447"
"pp","9606.ENSP00000357711 (pp) 9606.ENSP00000385675","false","pp","9606.ENSP00000357711 (pp) 9606.ENSP00000385675","0.049","0.0","0.0","0.0","0.0",,"0.0","0.451","0.447"
"pp","9606.ENSP00000357711 (pp) 9606.ENSP00000392767","false","pp","9606.ENSP00000357711 (pp) 9606.ENSP00000392767","0.0","0.0","0.0","0.0","0.0",,"0.0","0.584","0.584"
"pp","9606.ENSP00000357711 (pp) 9606.ENSP00000363089","false","pp","9606.ENSP00000357711 (pp) 9606.ENSP00000363089","0.0","0.0","0.0","0.0","0.0",,"0.0","0.59","0.59"
"pp","9606.ENSP00000357711 (pp) 9606.ENSP00000357721","false","pp","9606.ENSP00000357711 (pp) 9606.ENSP00000357721","0.398","0.0","0.0","0.303","0.0",,"0.0","0.775","0.507"
"pp","9606.ENSP00000357711 (pp) 9606.ENSP00000357727","false","pp","9606.ENSP00000357711 (pp) 9606.ENSP00000357727","0.4","0.0","0.0","0.309","0.0",,"0.0","0.863","0.698"
"pp","9606.ENSP00000357711 (pp) 9606.ENSP00000364210","false","pp","9606.ENSP00000357711 (pp) 9606.ENSP00000364210","0.0","0.0","0.0","0.0","0.0",,"0.0","0.876","0.876"
"pp","9606.ENSP00000357711 (pp) 9606.ENSP00000357726","false","pp","9606.ENSP00000357711 (pp) 9606.ENSP00000357726","0.118","0.0","0.0","0.0","0.0",,"0.0","0.936","0.931"
"pp","9606.ENSP00000357721 (pp) 9606.ENSP00000385675","false","pp","9606.ENSP00000357721 (pp) 9606.ENSP00000385675","0.106","0.0","0.0","0.0","0.0",,"0.0","0.555","0.522"
"pp","9606.ENSP00000357721 (pp) 9606.ENSP00000380948","false","pp","9606.ENSP00000357721 (pp) 9606.ENSP00000380948","0.262","0.0","0.0","0.0","0.0",,"0.0","0.563","0.432"
"pp","9606.ENSP00000357721 (pp) 9606.ENSP00000398698","false","pp","9606.ENSP00000357721 (pp) 9606.ENSP00000398698","0.164","0.0","0.0","0.0","0.0",,"0.0","0.569","0.506"
"pp","9606.ENSP00000357721 (pp) 9606.ENSP00000364210","false","pp","9606.ENSP00000357721 (pp) 9606.ENSP00000364210","0.103","0.0","0.0","0.05","0.0",,"0.0","0.634","0.606"
"pp","9606.ENSP00000357721 (pp) 9606.ENSP00000367851","false","pp","9606.ENSP00000357721 (pp) 9606.ENSP00000367851","0.242","0.0","0.5","0.046","0.0",,"0.0","0.659","0.168"
"pp","9606.ENSP00000357721 (pp) 9606.ENSP00000415743","false","pp","9606.ENSP00000357721 (pp) 9606.ENSP00000415743","0.167","0.0","0.5","0.112","0.0",,"0.0","0.662","0.193"
"pp","9606.ENSP00000357721 (pp) 9606.ENSP00000363089","false","pp","9606.ENSP00000357721 (pp) 9606.ENSP00000363089","0.183","0.0","0.5","0.093","0.0",,"0.0","0.907","0.779"
"pp","9606.ENSP00000357721 (pp) 9606.ENSP00000357726","false","pp","9606.ENSP00000357721 (pp) 9606.ENSP00000357726","0.988","0.0","0.0","0.046","0.0",,"0.0","0.995","0.591"
"pp","9606.ENSP00000357721 (pp) 9606.ENSP00000357727","false","pp","9606.ENSP00000357721 (pp) 9606.ENSP00000357727","0.999","0.125","0.9","0.977","0.0",,"0.0","0.999","0.988"
"pp","9606.ENSP00000357726 (pp) 9606.ENSP00000436126","false","pp","9606.ENSP00000357726 (pp) 9606.ENSP00000436126","0.071","0.0","0.0","0.0","0.0",,"0.0","0.4","0.38"
"pp","9606.ENSP00000357726 (pp) 9606.ENSP00000367851","false","pp","9606.ENSP00000357726 (pp) 9606.ENSP00000367851","0.256","0.0","0.0","0.046","0.0",,"0.0","0.412","0.238"
"pp","9606.ENSP00000357726 (pp) 9606.ENSP00000385675","false","pp","9606.ENSP00000357726 (pp) 9606.ENSP00000385675","0.088","0.0","0.0","0.0","0.0",,"0.0","0.531","0.507"
"pp","9606.ENSP00000357726 (pp) 9606.ENSP00000398698","false","pp","9606.ENSP00000357726 (pp) 9606.ENSP00000398698","0.153","0.0","0.0","0.0","0.0",,"0.0","0.54","0.479"
"pp","9606.ENSP00000357726 (pp) 9606.ENSP00000380948","false","pp","9606.ENSP00000357726 (pp) 9606.ENSP00000380948","0.231","0.0","0.0","0.0","0.0",,"0.0","0.556","0.446"
"pp","9606.ENSP00000357726 (pp) 9606.ENSP00000362057","false","pp","9606.ENSP00000357726 (pp) 9606.ENSP00000362057","0.096","0.0","0.0","0.046","0.0",,"0.0","0.567","0.538"
"pp","9606.ENSP00000357726 (pp) 9606.ENSP00000384906","false","pp","9606.ENSP00000357726 (pp) 9606.ENSP00000384906","0.055","0.0","0.4","0.0","0.0",,"0.0","0.621","0.386"
"pp","9606.ENSP00000357726 (pp) 9606.ENSP00000415743","false","pp","9606.ENSP00000357726 (pp) 9606.ENSP00000415743","0.187","0.0","0.0","0.112","0.0",,"0.0","0.674","0.585"
"pp","9606.ENSP00000357726 (pp) 9606.ENSP00000357727","false","pp","9606.ENSP00000357726 (pp) 9606.ENSP00000357727","0.892","0.079","0.0","0.0","0.0",,"0.0","0.94","0.452"
"pp","9606.ENSP00000357726 (pp) 9606.ENSP00000363089","false","pp","9606.ENSP00000357726 (pp) 9606.ENSP00000363089","0.218","0.0","0.0","0.093","0.0",,"0.0","0.97","0.962"
"pp","9606.ENSP00000357726 (pp) 9606.ENSP00000364210","false","pp","9606.ENSP00000357726 (pp) 9606.ENSP00000364210","0.106","0.0","0.5","0.41","0.0",,"0.0","0.999","0.997"
"pp","9606.ENSP00000357727 (pp) 9606.ENSP00000407586","false","pp","9606.ENSP00000357727 (pp) 9606.ENSP00000407586","0.046","0.0","0.0","0.102","0.0",,"0.0","0.467","0.428"
"pp","9606.ENSP00000357727 (pp) 9606.ENSP00000385675","false","pp","9606.ENSP00000357727 (pp) 9606.ENSP00000385675","0.104","0.0","0.0","0.0","0.0",,"0.0","0.468","0.43"
"pp","9606.ENSP00000357727 (pp) 9606.ENSP00000380948","false","pp","9606.ENSP00000357727 (pp) 9606.ENSP00000380948","0.367","0.0","0.0","0.0","0.0",,"0.0","0.514","0.263"
"pp","9606.ENSP00000357727 (pp) 9606.ENSP00000398698","false","pp","9606.ENSP00000357727 (pp) 9606.ENSP00000398698","0.175","0.0","0.0","0.0","0.0",,"0.0","0.514","0.435"
"pp","9606.ENSP00000357727 (pp) 9606.ENSP00000498321","false","pp","9606.ENSP00000357727 (pp) 9606.ENSP00000498321","0.133","0.0","0.0","0.078","0.0",,"0.0","0.565","0.499"
"pp","9606.ENSP00000357727 (pp) 9606.ENSP00000364210","false","pp","9606.ENSP00000357727 (pp) 9606.ENSP00000364210","0.111","0.0","0.0","0.05","0.0",,"0.0","0.649","0.618"
"pp","9606.ENSP00000357727 (pp) 9606.ENSP00000367851","false","pp","9606.ENSP00000357727 (pp) 9606.ENSP00000367851","0.29","0.0","0.5","0.046","0.0",,"0.0","0.792","0.458"
"pp","9606.ENSP00000357727 (pp) 9606.ENSP00000415743","false","pp","9606.ENSP00000357727 (pp) 9606.ENSP00000415743","0.181","0.0","0.5","0.112","0.0",,"0.0","0.806","0.53"
"pp","9606.ENSP00000357727 (pp) 9606.ENSP00000363089","false","pp","9606.ENSP00000357727 (pp) 9606.ENSP00000363089","0.198","0.0","0.5","0.093","0.0",,"0.0","0.969","0.926"
"pp","9606.ENSP00000358548 (pp) 9606.ENSP00000371067","false","pp","9606.ENSP00000358548 (pp) 9606.ENSP00000371067","0.079","0.0","0.5","0.11","0.0",,"0.0","0.852","0.683"
"pp","9606.ENSP00000358548 (pp) 9606.ENSP00000364210","false","pp","9606.ENSP00000358548 (pp) 9606.ENSP00000364210","0.057","0.0","0.9","0.068","0.0",,"0.0","0.904","0.0"
"pp","9606.ENSP00000358548 (pp) 9606.ENSP00000407586","false","pp","9606.ENSP00000358548 (pp) 9606.ENSP00000407586","0.0","0.05","0.9","0.33","0.0",,"0.0","0.932","0.059"
"pp","9606.ENSP00000361366 (pp) 9606.ENSP00000363089","false","pp","9606.ENSP00000361366 (pp) 9606.ENSP00000363089","0.059","0.0","0.0","0.045","0.0",,"0.0","0.422","0.408"
"pp","9606.ENSP00000361366 (pp) 9606.ENSP00000398698","false","pp","9606.ENSP00000361366 (pp) 9606.ENSP00000398698","0.042","0.0","0.0","0.0","0.0",,"0.0","0.475","0.475"
"pp","9606.ENSP00000361366 (pp) 9606.ENSP00000385675","false","pp","9606.ENSP00000361366 (pp) 9606.ENSP00000385675","0.0","0.0","0.0","0.0","0.0",,"0.0","0.541","0.541"
"pp","9606.ENSP00000361366 (pp) 9606.ENSP00000364210","false","pp","9606.ENSP00000361366 (pp) 9606.ENSP00000364210","0.488","0.0","0.0","0.0","0.0",,"0.0","0.776","0.582"
"pp","9606.ENSP00000361366 (pp) 9606.ENSP00000397082","false","pp","9606.ENSP00000361366 (pp) 9606.ENSP00000397082","0.573","0.104","0.4","0.287","0.0",,"0.0","0.851","0.228"
"pp","9606.ENSP00000361366 (pp) 9606.ENSP00000499683","false","pp","9606.ENSP00000361366 (pp) 9606.ENSP00000499683","0.501","0.0","0.5","0.0","0.0",,"0.0","0.985","0.946"
"pp","9606.ENSP00000362057 (pp) 9606.ENSP00000363089","false","pp","9606.ENSP00000362057 (pp) 9606.ENSP00000363089","0.074","0.0","0.0","0.045","0.0",,"0.0","0.476","0.455"
"pp","9606.ENSP00000362057 (pp) 9606.ENSP00000385675","false","pp","9606.ENSP00000362057 (pp) 9606.ENSP00000385675","0.095","0.0","0.0","0.0","0.0",,"0.0","0.575","0.55"
"pp","9606.ENSP00000362057 (pp) 9606.ENSP00000398698","false","pp","9606.ENSP00000362057 (pp) 9606.ENSP00000398698","0.086","0.0","0.0","0.0","0.0",,"0.0","0.63","0.612"
"pp","9606.ENSP00000362057 (pp) 9606.ENSP00000364210","false","pp","9606.ENSP00000362057 (pp) 9606.ENSP00000364210","0.074","0.0","0.9","0.0","0.0",,"0.0","0.925","0.256"
"pp","9606.ENSP00000362057 (pp) 9606.ENSP00000367851","false","pp","9606.ENSP00000362057 (pp) 9606.ENSP00000367851","0.064","0.061","0.9","0.0","0.0",,"0.0","0.998","0.983"
"pp","9606.ENSP00000363089 (pp) 9606.ENSP00000436126","false","pp","9606.ENSP00000363089 (pp) 9606.ENSP00000436126","0.042","0.0","0.0","0.0","0.0",,"0.0","0.598","0.598"
"pp","9606.ENSP00000363089 (pp) 9606.ENSP00000380948","false","pp","9606.ENSP00000363089 (pp) 9606.ENSP00000380948","0.251","0.0","0.0","0.057","0.0",,"0.0","0.672","0.572"
"pp","9606.ENSP00000363089 (pp) 9606.ENSP00000384906","false","pp","9606.ENSP00000363089 (pp) 9606.ENSP00000384906","0.042","0.0","0.0","0.0","0.0",,"0.0","0.744","0.744"
"pp","9606.ENSP00000363089 (pp) 9606.ENSP00000371067","false","pp","9606.ENSP00000363089 (pp) 9606.ENSP00000371067","0.18","0.0","0.0","0.1","0.0",,"0.0","0.793","0.741"
"pp","9606.ENSP00000363089 (pp) 9606.ENSP00000367851","false","pp","9606.ENSP00000363089 (pp) 9606.ENSP00000367851","0.269","0.0","0.0","0.045","0.0",,"0.0","0.902","0.871"
"pp","9606.ENSP00000363089 (pp) 9606.ENSP00000364210","false","pp","9606.ENSP00000363089 (pp) 9606.ENSP00000364210","0.0","0.0","0.0","0.0","0.0",,"0.0","0.94","0.94"
"pp","9606.ENSP00000363089 (pp) 9606.ENSP00000398698","false","pp","9606.ENSP00000363089 (pp) 9606.ENSP00000398698","0.125","0.0","0.0","0.0","0.0",,"0.0","0.969","0.966"
"pp","9606.ENSP00000363089 (pp) 9606.ENSP00000385675","false","pp","9606.ENSP00000363089 (pp) 9606.ENSP00000385675","0.104","0.0","0.0","0.0","0.0",,"0.0","0.973","0.971"
"pp","9606.ENSP00000363089 (pp) 9606.ENSP00000415743","false","pp","9606.ENSP00000363089 (pp) 9606.ENSP00000415743","0.26","0.0","0.5","0.292","0.0",,"0.0","0.998","0.995"
"pp","9606.ENSP00000363089 (pp) 9606.ENSP00000498321","false","pp","9606.ENSP00000363089 (pp) 9606.ENSP00000498321","0.158","0.0","0.9","0.974","0.0",,"0.0","0.999","0.992"
"pp","9606.ENSP00000364210 (pp) 9606.ENSP00000398698","false","pp","9606.ENSP00000364210 (pp) 9606.ENSP00000398698","0.072","0.0","0.0","0.0","0.0",,"0.0","0.632","0.62"
"pp","9606.ENSP00000364210 (pp) 9606.ENSP00000498321","false","pp","9606.ENSP00000364210 (pp) 9606.ENSP00000498321","0.067","0.0","0.0","0.339","0.0",,"0.0","0.652","0.48"
"pp","9606.ENSP00000364210 (pp) 9606.ENSP00000367668","false","pp","9606.ENSP00000364210 (pp) 9606.ENSP00000367668","0.0","0.0","0.0","0.0","0.0",,"0.0","0.658","0.658"
"pp","9606.ENSP00000364210 (pp) 9606.ENSP00000385675","false","pp","9606.ENSP00000364210 (pp) 9606.ENSP00000385675","0.045","0.0","0.0","0.0","0.0",,"0.0","0.666","0.665"
"pp","9606.ENSP00000364210 (pp) 9606.ENSP00000436126","false","pp","9606.ENSP00000364210 (pp) 9606.ENSP00000436126","0.0","0.0","0.0","0.0","0.0",,"0.0","0.672","0.672"
"pp","9606.ENSP00000364210 (pp) 9606.ENSP00000397082","false","pp","9606.ENSP00000364210 (pp) 9606.ENSP00000397082","0.579","0.0","0.0","0.0","0.0",,"0.0","0.722","0.366"
"pp","9606.ENSP00000364210 (pp) 9606.ENSP00000415743","false","pp","9606.ENSP00000364210 (pp) 9606.ENSP00000415743","0.105","0.0","0.0","0.0","0.0",,"0.0","0.734","0.716"
"pp","9606.ENSP00000364210 (pp) 9606.ENSP00000499683","false","pp","9606.ENSP00000364210 (pp) 9606.ENSP00000499683","0.686","0.0","0.0","0.0","0.0",,"0.0","0.807","0.412"
"pp","9606.ENSP00000364210 (pp) 9606.ENSP00000380948","false","pp","9606.ENSP00000364210 (pp) 9606.ENSP00000380948","0.086","0.0","0.0","0.0","0.0",,"0.0","0.821","0.813"
"pp","9606.ENSP00000364210 (pp) 9606.ENSP00000384906","false","pp","9606.ENSP00000364210 (pp) 9606.ENSP00000384906","0.0","0.0","0.5","0.0","0.0",,"0.0","0.835","0.684"
"pp","9606.ENSP00000364210 (pp) 9606.ENSP00000407586","false","pp","9606.ENSP00000364210 (pp) 9606.ENSP00000407586","0.057","0.0","0.9","0.068","0.0",,"0.0","0.915","0.155"
"pp","9606.ENSP00000364210 (pp) 9606.ENSP00000371067","false","pp","9606.ENSP00000364210 (pp) 9606.ENSP00000371067","0.0","0.0","0.9","0.053","0.0",,"0.0","0.92","0.224"
"pp","9606.ENSP00000364210 (pp) 9606.ENSP00000367851","false","pp","9606.ENSP00000364210 (pp) 9606.ENSP00000367851","0.116","0.0","0.9","0.0","0.0",,"0.0","0.939","0.372"
"pp","9606.ENSP00000364210 (pp) 9606.ENSP00000392767","false","pp","9606.ENSP00000364210 (pp) 9606.ENSP00000392767","0.0","0.0","0.0","0.9","0.0",,"0.0","0.954","0.564"
"pp","9606.ENSP00000364210 (pp) 9606.ENSP00000373706","false","pp","9606.ENSP00000364210 (pp) 9606.ENSP00000373706","0.0","0.0","0.9","0.294","0.0",,"0.0","0.972","0.641"
"pp","9606.ENSP00000367668 (pp) 9606.ENSP00000385675","false","pp","9606.ENSP00000367668 (pp) 9606.ENSP00000385675","0.0","0.0","0.0","0.0","0.0",,"0.0","0.405","0.405"
"pp","9606.ENSP00000367851 (pp) 9606.ENSP00000415743","false","pp","9606.ENSP00000367851 (pp) 9606.ENSP00000415743","0.179","0.0","0.0","0.0","0.0",,"0.0","0.552","0.477"
"pp","9606.ENSP00000367851 (pp) 9606.ENSP00000371067","false","pp","9606.ENSP00000367851 (pp) 9606.ENSP00000371067","0.192","0.0","0.0","0.063","0.0",,"0.0","0.604","0.518"
"pp","9606.ENSP00000367851 (pp) 9606.ENSP00000385675","false","pp","9606.ENSP00000367851 (pp) 9606.ENSP00000385675","0.093","0.0","0.0","0.0","0.0",,"0.0","0.708","0.691"
"pp","9606.ENSP00000367851 (pp) 9606.ENSP00000398698","false","pp","9606.ENSP00000367851 (pp) 9606.ENSP00000398698","0.168","0.0","0.0","0.0","0.0",,"0.0","0.721","0.679"
"pp","9606.ENSP00000367851 (pp) 9606.ENSP00000498321","false","pp","9606.ENSP00000367851 (pp) 9606.ENSP00000498321","0.121","0.0","0.0","0.095","0.0",,"0.0","0.739","0.698"
"pp","9606.ENSP00000367851 (pp) 9606.ENSP00000380948","false","pp","9606.ENSP00000367851 (pp) 9606.ENSP00000380948","0.512","0.0","0.0","0.0","0.0",,"0.0","0.816","0.638"
"pp","9606.ENSP00000371067 (pp) 9606.ENSP00000415743","false","pp","9606.ENSP00000371067 (pp) 9606.ENSP00000415743","0.128","0.0","0.0","0.0","0.0",,"0.0","0.417","0.358"
"pp","9606.ENSP00000371067 (pp) 9606.ENSP00000498321","false","pp","9606.ENSP00000371067 (pp) 9606.ENSP00000498321","0.116","0.0","0.0","0.095","0.0",,"0.0","0.639","0.585"
"pp","9606.ENSP00000371067 (pp) 9606.ENSP00000407586","false","pp","9606.ENSP00000371067 (pp) 9606.ENSP00000407586","0.074","0.0","0.5","0.11","0.0",,"0.0","0.781","0.531"
"pp","9606.ENSP00000371067 (pp) 9606.ENSP00000398698","false","pp","9606.ENSP00000371067 (pp) 9606.ENSP00000398698","0.118","0.0","0.0","0.057","0.0",,"0.0","0.801","0.78"
"pp","9606.ENSP00000371067 (pp) 9606.ENSP00000385675","false","pp","9606.ENSP00000371067 (pp) 9606.ENSP00000385675","0.092","0.0","0.9","0.0","0.0",,"0.0","0.995","0.952"
"pp","9606.ENSP00000373706 (pp) 9606.ENSP00000498321","false","pp","9606.ENSP00000373706 (pp) 9606.ENSP00000498321","0.086","0.0","0.0","0.0","0.0",,"0.0","0.497","0.472"
"pp","9606.ENSP00000380948 (pp) 9606.ENSP00000498321","false","pp","9606.ENSP00000380948 (pp) 9606.ENSP00000498321","0.179","0.0","0.0","0.0","0.0",,"0.0","0.487","0.4"
"pp","9606.ENSP00000380948 (pp) 9606.ENSP00000385675","false","pp","9606.ENSP00000380948 (pp) 9606.ENSP00000385675","0.1","0.0","0.0","0.0","0.0",,"0.0","0.64","0.616"
"pp","9606.ENSP00000380948 (pp) 9606.ENSP00000398698","false","pp","9606.ENSP00000380948 (pp) 9606.ENSP00000398698","0.177","0.0","0.0","0.0","0.0",,"0.0","0.727","0.682"
"pp","9606.ENSP00000380948 (pp) 9606.ENSP00000415743","false","pp","9606.ENSP00000380948 (pp) 9606.ENSP00000415743","0.172","0.0","0.0","0.0","0.0",,"0.0","0.809","0.778"
"pp","9606.ENSP00000384906 (pp) 9606.ENSP00000415743","false","pp","9606.ENSP00000384906 (pp) 9606.ENSP00000415743","0.068","0.0","0.0","0.0","0.0",,"0.0","0.529","0.516"
"pp","9606.ENSP00000384906 (pp) 9606.ENSP00000398698","false","pp","9606.ENSP00000384906 (pp) 9606.ENSP00000398698","0.044","0.0","0.0","0.0","0.0",,"0.0","0.727","0.727"
"pp","9606.ENSP00000384906 (pp) 9606.ENSP00000385675","false","pp","9606.ENSP00000384906 (pp) 9606.ENSP00000385675","0.074","0.0","0.4","0.0","0.0",,"0.0","0.905","0.844"
"pp","9606.ENSP00000384906 (pp) 9606.ENSP00000436126","false","pp","9606.ENSP00000384906 (pp) 9606.ENSP00000436126","0.779","0.049","0.54","0.174","0.0",,"0.0","0.975","0.741"
"pp","9606.ENSP00000385675 (pp) 9606.ENSP00000407586","false","pp","9606.ENSP00000385675 (pp) 9606.ENSP00000407586","0.059","0.0","0.0","0.0","0.0",,"0.0","0.411","0.4"
"pp","9606.ENSP00000385675 (pp) 9606.ENSP00000415743","false","pp","9606.ENSP00000385675 (pp) 9606.ENSP00000415743","0.105","0.0","0.0","0.0","0.0",,"0.0","0.73","0.71"
"pp","9606.ENSP00000385675 (pp) 9606.ENSP00000436126","false","pp","9606.ENSP00000385675 (pp) 9606.ENSP00000436126","0.084","0.0","0.0","0.0","0.0",,"0.0","0.845","0.838"
"pp","9606.ENSP00000385675 (pp) 9606.ENSP00000498321","false","pp","9606.ENSP00000385675 (pp) 9606.ENSP00000498321","0.107","0.0","0.0","0.0","0.0",,"0.0","0.949","0.945"
"pp","9606.ENSP00000385675 (pp) 9606.ENSP00000398698","false","pp","9606.ENSP00000385675 (pp) 9606.ENSP00000398698","0.261","0.0","0.4","0.0","0.0",,"0.0","0.994","0.989"
"pp","9606.ENSP00000397082 (pp) 9606.ENSP00000499683","false","pp","9606.ENSP00000397082 (pp) 9606.ENSP00000499683","0.77","0.0","0.5","0.0","0.0",,"0.0","0.998","0.985"
"pp","9606.ENSP00000398698 (pp) 9606.ENSP00000407586","false","pp","9606.ENSP00000398698 (pp) 9606.ENSP00000407586","0.067","0.0","0.0","0.0","0.0",,"0.0","0.582","0.57"
"pp","9606.ENSP00000398698 (pp) 9606.ENSP00000415743","false","pp","9606.ENSP00000398698 (pp) 9606.ENSP00000415743","0.122","0.0","0.0","0.0","0.0",,"0.0","0.711","0.685"
"pp","9606.ENSP00000398698 (pp) 9606.ENSP00000436126","false","pp","9606.ENSP00000398698 (pp) 9606.ENSP00000436126","0.044","0.0","0.0","0.0","0.0",,"0.0","0.723","0.723"
"pp","9606.ENSP00000398698 (pp) 9606.ENSP00000498321","false","pp","9606.ENSP00000398698 (pp) 9606.ENSP00000498321","0.129","0.0","0.0","0.0","0.0",,"0.0","0.939","0.933"
"pp","9606.ENSP00000407586 (pp) 9606.ENSP00000498321","false","pp","9606.ENSP00000407586 (pp) 9606.ENSP00000498321","0.058","0.0","0.0","0.0","0.0",,"0.0","0.525","0.516"
"pp","9606.ENSP00000415743 (pp) 9606.ENSP00000436126","false","pp","9606.ENSP00000415743 (pp) 9606.ENSP00000436126","0.064","0.0","0.0","0.0","0.0",,"0.0","0.52","0.509"
"pp","9606.ENSP00000415743 (pp) 9606.ENSP00000498321","false","pp","9606.ENSP00000415743 (pp) 9606.ENSP00000498321","0.123","0.0","0.0","0.0","0.0",,"0.0","0.646","0.613"
